name,school_rating,size,reduced_lunch,state_percentile_16,state_percentile_15,stu_teach_ratio,school_type,avg_score_15,avg_score_16,full_time_teachers,percent_black,percent_white,percent_asian,percent_hispanic
Allendale Elementary School,5,851,10,90.2,95.8,15.7,Public,89.4,85.2,54,2.9,85.5,1.6,5.6
Anderson Elementary,2,412,71,32.8,37.3,12.8,Public,43,38.3,32,3.9,86.7,1,4.9
Avoca Elementary,4,482,43,78.4,83.6,16.6,Public,75.7,73,29,1,91.5,1.2,4.4
Bailey Middle,0,394,91,1.6,1,13.1,Public Magnet,2.1,4.4,30,80.7,11.7,2.3,4.3
Barfield Elementary,4,948,26,85.3,89.2,14.8,Public,81.3,79.6,64,11.8,71.2,7.1,6
Barkers Mill Elementary School,4,893,48,78.1,76.4,13.9,Public,69.4,72.3,64,28.6,39.9,2.2,17.8
Barksdale Elementary,4,580,58,83.2,74.6,13.8,Public,68,76.1,42,27.4,59.5,0.5,6.6
Beech Elementary,5,612,16,95.2,93.4,15.6,Public,85.9,90.3,39,4.2,90.5,0.3,3.1
Beech Senior High School,4,1274,21,82.5,77.9,14.9,Public,67.2,69.3,85,13.8,79.7,1.4,3.7
Bellevue Middle,3,680,50,53,55.5,16.5,Public Magnet,55.8,53.3,41,24.3,61.8,5.6,6.6
Bellshire Elementary,0,539,75,3.5,2.9,14.5,Public Magnet,6.3,8.3,37,83.7,8.7,0.4,5.4
Benny C. Bills Elementary School,3,705,67,64.6,63.8,13,Public,59.9,60.6,54,26,58,0.3,12.9
Black Fox Elementary,3,830,72,52.1,62.8,13.8,Public,58.8,50.5,60,29.4,36.5,7.3,19.2
Blackman Elementary School,5,880,25,92.4,90.3,14.4,Public,82.5,87,61,17,67.3,6.9,5.7
Blackman High School,4,2021,25,84.8,66.2,17.4,Public,62.1,72.5,116,19.6,67.7,5.2,5.8
Blackman Middle School,4,1212,30,87.2,87.1,16.8,Public,77.2,78.3,72,14.6,73.2,4.8,5.7
Bluff City Elementary,2,489,66,36,54.1,14.3,Public,53.2,41,34,0,96.3,0,1.4
Bluff City Middle School,3,361,63,59.3,59.2,15,Public,58.1,57.4,24,1.1,97.5,0,0
Boones Creek Middle School,4,310,61,81.4,92.4,14.7,Public,82.2,72.8,21,0.6,94.8,0.6,2.9
Bradley Academy - An Arts Integrated School,1,453,84,11.3,13.9,11.6,Public,22.2,17.3,39,37.3,23.8,1.1,29.6
Brentwood High School,5,1689,4,96.3,97.3,18.7,Public,89.8,87.6,90,3.1,83.8,6.9,3.6
Brentwood Middle School,5,1261,3,98,98.2,18.5,Public,91.1,91.7,68,3.2,83.3,6.7,2.8
Brown's Chapel Elementary School,4,694,37,88.2,82.5,14.7,Public,74.7,82.8,47,9.9,79,2.4,5.5
Buchanan Elementary,4,460,44,82.2,83.9,13.1,Public,76,75.1,35,2.8,84.6,5.7,4.8
Buena Vista Elementary,0,365,81,1.3,0.8,13.5,Public Magnet,1.7,4.5,27,93.4,1.1,0.3,1.4
Byars Dowdy Elementary,3,616,70,51.9,55.5,13.6,Public,54.5,50.5,45,12.8,57.3,3.1,24.5
Byrns L Darden Elementary,2,631,74,45.3,18.7,11.6,Public,26.8,46.3,54,32.8,40.3,0.3,18.4
Caldwell Elementary,0,279,83,7.5,3.9,10.7,Public Magnet,7.9,12.6,26,92.5,3.6,0,2.5
Cameron College Preparatory,0,587,90,7.7,16,13.9,Public Charter,25.8,13.2,42,23.2,25.2,1.9,49.6
Carmel Elementary,5,583,21,93.7,,14.9,Public,,89,39,3.4,79.6,1.9,8.9
Carroll Oakland Elementary,2,652,42,31.2,46.2,15.9,Public,48.8,36.7,41,0.9,87.7,0.3,7.8
Carter-Lawrence Elementary,0,390,85,6.6,10.5,13.4,Public Magnet,16.2,11.7,29,79,13.6,0.8,6.2
Cason Lane Academy,3,723,45,51.5,61.2,13.3,Public,57.8,50.4,54,16.3,56.4,9.5,10.1
Castle Heights Elementary,4,628,53,72.8,81.2,16.5,Public,73.6,67.3,38,17.7,69.1,2.4,9.4
Centennial Elementary,4,750,60,83.9,79.8,13.8,Public,71.9,77.5,54,5.2,82.7,0.3,5.1
Centennial High School,4,1716,24,80.2,91.6,17.6,Public,79.4,68.2,97,13.9,65.7,3.4,13.8
Central Elementary,1,284,79,28.4,12.9,12.9,Public,20.3,35,22,0.4,96.5,0,2.1
Chapman's Retreat Elementary,4,733,13,85.2,89.6,15.2,Public,81.6,79.8,48,4.1,83.4,1.4,6.8
Charlotte Park Elementary,1,457,79,18.6,14,15.2,Public,22.3,26.1,30,19.7,33.7,10.1,33.9
Cherokee Elementary,4,384,61,75.8,63.2,14.2,Public,59.1,70.3,27,3.1,71.4,2.3,19.5
Clarksville High School,4,1342,30,85.1,90,19.1,Public,76.7,72.5,70,14.8,71.7,2,6
Clovercroft Elementary School,5,795,2,99.5,99.6,15.5,Public,95.3,97.7,51,2.4,77.2,12.7,4.9
Clyde Riggs Elementary,2,236,52,47.6,35.2,12.4,Public,41.8,48.3,19,4.7,88.6,0.4,5.5
Cockrill Elementary,1,488,75,25.3,13.2,11,Public,21,31.9,44,31.4,33.6,2,30.3
Coles Ferry Elementary,3,649,56,59.7,72.1,15.4,Public,66.4,56.8,42,16.6,70.6,1.4,9.1
Colonial Heights Middle,4,402,41,73.9,92,15.4,Public,81.9,68.6,26,0.5,94.8,1.2,2.5
Columbia Central High School,2,1372,54,44,26.1,14.9,Public,37.4,44.3,92,31,58,0.9,9.5
Crieve Hall Elementary,5,413,45,92.7,85.5,15.8,Public,77.6,88.2,26,10.2,54,11.4,21.8
Crockett Elementary,5,838,2,98.7,98.3,17.4,Public,93.9,96.5,48,3.6,83.1,6.1,3
Croft Middle,2,723,74,32,30.5,18.5,Public Magnet,39.6,37.9,39,22,39.4,6.2,32.1
Cumberland Elementary,0,456,91,1.5,4.4,14.7,Public,8.8,4.8,31,79.6,8.8,0.2,8.6
Cumberland Heights Elementary,4,676,54,84.4,76.6,14.6,Public,69.4,79,46,5.6,83.3,0.3,4.6
Dan Mills Elementary,3,542,54,58.6,31,13.8,Public,39,56.1,39,23.8,65.3,2.2,5.7
Dickson County High School,3,1467,47,63.8,44.1,18.3,Public,49.1,57.8,80,9,84.3,0.9,4.2
Dickson Elementary,2,370,65,40.3,41,14.2,Public,45.2,43.8,26,7.8,72.2,1.1,15.7
Dickson Middle School,4,1203,54,70.6,81.6,16.9,Public,72,65.1,71,9.7,82.3,0.7,5.6
Discovery School,5,411,8,99.6,99.8,15.2,Public Magnet,96,98.2,27,4.4,83.5,5.1,2.7
Dobyns - Bennett High,5,2090,43,96.8,87,15.7,Public,73.1,89.2,133,6.3,86.3,1.8,3.3
Donelson Middle,1,699,75,20.4,15.8,16.6,Public,25.7,29.2,42,39.3,44.2,2.9,12.2
E B Wilson,2,53,62,30.5,5.4,17.6,Public,15.2,36,3,3.8,90.6,0,3.8
E. A. Cox Middle School,0,760,66,8.5,15.4,14.6,Public,25.2,14.6,52,33.7,50.7,1.4,13.8
Eakin Elementary,1,640,86,21.9,22,16,Public,30.4,29,40,15.3,40.9,0.9,36.3
Eakin Elementary,3,577,40,69.4,78.1,15.1,Public,70.5,64.7,38,45.1,38.3,11.8,4.3
East End Preparatory School,4,383,87,81.9,,22.5,Public Charter,,75.7,17,74.7,8.1,0.5,13.6
East Montgomery Elementary,4,619,24,89.6,85.6,14.7,Public,77.7,84.4,42,3.1,83.4,1.5,7.9
East Side Elementary,1,417,93,16.1,16.1,12.6,Public,24.5,24.4,33,15.3,38.4,0,38.8
Edmondson Elementary,5,761,2,97.4,98.8,16.5,Public,94.4,94.6,46,2.8,81.5,7.8,3
Elzie D Patton Elementary School,4,664,33,81.8,85.2,17,Public,77.4,75,39,1.4,79.2,1.5,7.1
Emmett Elementary,2,363,72,49.4,38.2,16.5,Public,43.2,49.3,22,0,96.7,0,2.8
Erma Siegel Elementary,4,749,18,82.5,83.5,13.1,Public,75.7,75.7,57,13.6,75,2.4,4.8
Fairmont Elementary,5,546,50,90.3,95.2,15.6,Public,88.5,85,35,11.5,70.5,1.5,9.5
Fairmount Elementary,2,532,74,45.1,40.7,12.9,Public,45,46.6,41,6.4,86.8,0,3
Fairview Elementary,5,467,32,91.6,88.9,12.9,Public,81.2,86.3,36,1.9,88,0.2,6.6
Fairview High School,2,657,37,46,85.3,12.1,Public,71.8,45,54,1.4,89.6,0.3,5.6
Fairview Middle School,4,572,35,79.4,85.5,12.7,Public,75.9,72.5,45,1.6,90.9,1.6,4.5
Fall-Hamilton Elementary,1,327,73,28.1,14.8,11.6,Public Magnet,23.2,34.8,28,64.8,14.1,0.9,18.7
Franklin Elementary,4,324,44,87.8,93.2,9.8,Public,85.7,82.5,33,20.1,53.4,0.9,19.8
Franklin High School,5,1747,7,94.5,96.3,18.5,Public Magnet,89,83.7,94,2.5,85.2,1.9,6.3
Fred J Page High School,5,937,9,90.5,98.7,16.4,Public,94.1,77.1,57,2.3,88.7,1.8,3.7
Fred J Page Middle School,5,1056,7,98.6,97.7,18.2,Public,90.4,92,58,2.7,87.4,3.5,2.8
Freedom Middle School,4,595,44,83.6,84.8,11.2,Public,75.5,74.8,53,15.8,58.2,1.8,20.2
Gallatin Senior High School,2,1498,51,32.2,33.4,15.7,Public,42.1,37.9,95,20.1,66.3,0.6,11.7
Gene W. Brown Elementary,3,457,45,52.2,64.7,12.3,Public,60.7,50.5,37,12.7,71.6,2.4,11.4
George A Whitten Elementary,2,431,52,33.4,35.9,13.9,Public,42.1,38.8,31,13,73.1,1.2,11.8
Glencliff Elementary,1,490,86,11.7,4.2,14,Public,8.3,18.5,35,9.4,26.3,1,61.2
Glencliff High School,1,1485,85,10.9,11.7,17,Public,24.3,14.7,87,26.4,23.4,5.2,44.3
Glendale Elementary,5,434,6,99.2,97.8,16.6,Public Magnet,93.6,97.4,26,4.1,86.9,1.8,5.1
Glenellen Elementary,4,1019,48,76,73.9,14.3,Public,67.7,70.3,71,22.3,56.3,1,11.4
Glengarry Elementary,0,472,93,1.9,10.2,15.7,Public,15.4,6,30,17.6,23.7,1.7,56.1
Glenn Elementary,0,181,88,4.2,8.9,10,Public Magnet,14.3,8.8,18,91.7,5.5,0,2.8
Glenview Elementary,0,798,87,4.6,9.8,14.5,Public,14.9,9.1,55,13.5,37.7,0.6,47.4
Goodlettsville Elementary,1,387,72,14.3,18.5,12.9,Public,26.7,21.7,30,36.4,43.4,3.4,11.6
Goodlettsville Middle,0,487,84,8.7,16.6,17.3,Public Magnet,26.5,14.9,28,46.4,32.6,2.5,15.2
Gower Elementary,2,706,48,49.6,65.9,14.1,Public,61.8,49.4,50,20.8,55.8,7.8,12.6
Gra-Mar Middle,0,406,90,2.4,3.7,15,Public,6.8,5.8,27,74.1,14.5,1,8.1
Granbery Elementary,5,742,43,89.9,91,17.2,Public,83.6,84.8,43,16.6,59.7,9.7,11.6
Grassland Elementary,5,518,4,97.7,96.5,15.2,Public,90.7,95,34,4.4,88.2,2.3,3.3
Grassland Middle School,5,921,5,97.6,97.3,17,Public,89.9,91.5,54,1.5,90.1,2.9,2.9
Guild Elementary,4,675,63,74.8,62,14.6,Public,58.2,69.1,46,21.8,59.1,1.5,14.8
H. G. Hill Middle,2,607,76,37.2,44.5,16.8,Public,49,42.3,36,24.5,45.1,10.7,18.9
Happy Valley Elementary,4,557,73,76.1,65.1,15.4,Public,61.1,70.8,36,2.3,89.8,0.2,4.5
Harold B. Williams Elementary School,4,662,27,89.8,82.7,14.7,Public,74.8,84.7,45,2.6,92.1,1.2,2.6
Harpeth Valley Elementary,5,763,26,91.9,95.7,15.8,Public,89.4,86.7,48,11,77.6,7.3,2.4
Harris Middle School,2,986,82,32.2,26.2,19.3,Public,36.7,38,51,15.9,48.4,1,30.6
Hattie Cotton Elementary,0,422,76,5.2,3.1,12.7,Public Magnet,6.6,10.5,33,64,19,1.2,13.7
Haynes Middle,0,272,82,6.7,5.1,16,Public,11.3,11.7,17,97.4,1.1,0.7,0.7
Haynesfield Elementary,4,397,41,88.6,89.7,18,Public,81.7,83.2,22,0.8,91.2,0.8,3
Haywood Elementary,0,842,94,7,6.1,14.2,Public,11.3,12.1,59,11.3,14.5,12.5,61.3
Hazelwood Elementary,5,806,34,95.1,92.9,13.8,Public,85.3,90.1,58,22.1,47,2.2,18.9
Head Middle,4,587,48,83.4,86.5,17.7,Public Magnet,76.6,74.5,33,57.9,30.2,7.5,4.1
Hendersonville High School,4,1522,21,73.9,79.6,15.5,Public,68,63.4,98,8.7,85.2,1.6,3.5
Hickman Elementary,1,536,74,14.1,24.9,14.4,Public,32.7,21.5,37,36,48.1,2.2,9.3
Highland Park Elementary,2,348,88,34.6,25.6,11.6,Public,34.1,39.7,30,20.1,54.3,0,22.7
Hillsboro Elementary/ Middle School,5,529,20,93,92,12.5,Public,84.3,88.4,42,1.1,90.5,1.3,3.2
Hillsboro High,1,1198,53,21.6,25.4,17.1,Public Magnet,37.2,26.2,70,51.7,38.1,2.5,7.1
Hillwood High,1,1154,66,25.3,22.4,18,Public,35.2,31,64,34.4,46,7.8,10.8
Hobgood Elementary,1,483,71,22.4,30.6,10.7,Public,38.7,29.1,45,33.7,35.4,2.9,21.1
Holloway High School,1,118,54,23.6,22.7,7.3,Public,35.4,28.9,16,22.9,65.3,0.8,8.5
Holston Valley Middle School,2,190,73,40.5,25.6,9.5,Public,36.2,44.1,20,1.1,96.3,1.1,1.1
Holston View Elementary,5,370,38,95.7,86.2,14.2,Public,78.6,91.1,26,0.8,91.1,0.5,3
Homer Pittard Campus School,4,248,12,83.6,95.1,16.5,Public,88.3,77.6,15,8.1,83.5,4,2
Howard Elementary,3,521,42,57.3,45.9,14.4,Public,48.5,54.7,36,19.4,64.7,2.5,12.5
Hull-Jackson Elementary,0,508,53,5.5,13.5,14.9,Public Magnet,21.3,10.6,34,87.2,6.1,2.8,2.6
Hume - Fogg High,5,915,29,98.6,97,19.8,Public Magnet,89.6,97.9,46,21.4,63.1,8.6,6.2
Hunters Bend Elementary,5,564,4,97.1,97.1,16.5,Public,92.1,93.7,34,2.5,86.9,4.8,3
Hunters Lane High,1,1695,84,12.9,11.4,18,Public Magnet,23.7,16.4,94,56.9,19.4,1.2,21.4
Indian Lake Elementary,5,555,10,96.7,96.7,15.8,Public,91.2,93.1,35,1.4,93.3,2.2,1.6
Indian Springs Elementary,4,389,36,75.6,71.1,14.4,Public,65.9,70.3,27,0,95.9,0.3,1.8
Inglewood Elementary,0,306,80,4.1,0.6,10.9,Public,1.5,9.2,28,81,10.1,0.7,5.9
Isaac Litton Middle,1,419,71,13,6.4,14.4,Public,13.2,20.5,29,47.7,43.9,2.4,4.8
Isaiah T. Creswell Middle,0,426,72,2.2,6.6,14.6,Public Magnet,13.5,4.9,29,87.6,9.4,0.7,2.1
J E Woodard Elementary,4,510,49,79.5,75.4,15.4,Public,68.5,73.1,33,11,75.3,1.2,10
J W Wiseman Elementary,3,431,49,65.4,33.7,13,Public,40.8,61.4,33,4.9,89.1,0.7,2.3
J. Brown Elementary,0,401,67,7.3,14.7,13.3,Public,23.1,12.4,30,38.7,47.9,1.2,12
J. R. Baker Elementary,4,332,50,70.2,53.9,14.4,Public,53.1,65.2,23,24.7,63.9,1.8,9.3
Jack Anderson Elementary,5,707,15,97,95,16.8,Public,88.2,93.6,42,5.9,87.8,3.1,2.5
Jackson Elementary,2,519,87,34.2,30.7,14.8,Public,38.8,39.2,35,9.6,72.6,0.4,9.8
Jefferson Elementary,4,450,45,83.5,79.1,16.6,Public,71.3,77,27,3.6,84.9,4,4.2
Jere Baxter Middle,0,369,90,4.3,2.3,14.1,Public,4.4,8.2,26,62.6,16.5,1.9,18.7
Jim Satterfield Middle School,5,272,56,95.1,76.8,15.1,Public,69.3,87.4,18,14,80.5,0,4.4
Joe Shafer Middle School,3,656,55,55.1,44.7,14.9,Public,49,54,44,20.4,66.9,0.9,9.9
John Adams Elementary,5,372,30,95,91.7,14.8,Public,84.3,90,25,0.8,88.7,2.2,4.6
John B. Whitsitt Elementary,0,517,89,0.6,1,13.6,Public,2.4,2.3,38,14.1,14.9,2.9,64.8
John Early Middle,0,482,86,3.4,2.5,12.6,Public Magnet,5.2,7,38,84.4,9.8,2.5,2.5
John Overton High,1,1894,67,17.5,10.7,20.5,Public,23.3,21.4,92,22.2,34.2,14.5,28.7
John Pittard Elementary,2,989,53,37.3,28.9,14.7,Public,37.5,41.1,67,27.7,49,1.5,15.3
John Trotwood Moore Middle,3,639,43,60.3,78.5,14.2,Public Magnet,70.4,59.6,45,32.9,57.1,3.8,5.5
Johnson Elementary,4,531,54,84.5,91.6,16,Public,83.9,79.1,33,4.1,86.8,2.4,2.1
Johnson Elementary,4,393,45,72.6,86.7,10.3,Public,79,67.6,38,18.6,45.3,4.1,23.2
Jones Elementary,1,366,65,16.4,18.2,15.2,Public Magnet,26.5,24,24,95.1,2.2,0.5,1.6
Julia Green Elementary,5,581,18,97.5,87.6,14.8,Public Magnet,79.8,94.8,39,14.1,75.6,6.5,2.9
K I P P Academy Nashville,5,349,87,93.1,66.6,13.4,Public Charter,62.5,83.6,26,68.8,2.6,0.3,27.5
Kennedy Elementary,2,318,79,43.3,48.8,12.7,Public,50.2,45.3,25,3.5,87.1,0,2.8
Kenrose Elementary,5,820,2,98.8,98.4,16.4,Public,94,96.6,50,2.1,68.7,21.1,3.9
Kenwood Elementary,3,713,67,62.8,43.7,13.2,Public,47.1,59.6,54,31.6,40.3,0.7,16.1
Kenwood High School,2,1089,59,47.4,58.5,17.8,Public,56.9,45.8,61,39.7,37.6,1.5,11.6
Kenwood Middle School,2,863,71,32.6,36.9,14.1,Public,43.6,38.7,61,37.7,38.7,1.2,13.4
Ketron Elementary School,1,722,78,12.7,,17.6,Public,,20.2,41,1.1,93.4,0.1,2.9
Kirkpatrick Elementary,0,375,79,0.5,0.7,11,Public Magnet,1.7,1.9,34,86.1,8,1.6,1.1
Lake Ridge Elementary,5,517,22,91,86.6,16.6,Public,79,85.9,31,1.4,82.8,5.4,7
Lakeside Park Elementary,4,355,33,74.3,77.2,13.6,Public,69.9,68.9,26,9.3,84.5,0.6,3.9
Lakeview Elementary,0,975,80,9.3,5.9,14.5,Public Magnet,11.1,15.6,67,40.6,30.9,0.9,24.9
Lakeview Elementary School,5,692,22,96.5,96.2,16.8,Public,90.3,92,41,0.7,90.5,1.4,2.7
Lavergne High School,2,1771,59,41.7,46.5,15.2,Public,50.3,42.6,116,35,36.5,3.1,24.6
Lavergne Lake Elementary School,3,917,66,68,70.5,13.6,Public,65.5,63.1,67,40.2,29.7,2.6,23.3
Lavergne Middle School,2,1020,71,45.7,47.1,14.5,Public,50.6,47.7,70,37,29.2,3.1,28.3
Lead Prep Southeast,2,235,77,47.8,,14.6,Public Charter,,49.6,16,36.6,33.2,3.4,26.8
Learning Way Elementary,1,575,97,10.4,12.1,15.1,Public,19.3,16.1,38,12.7,39.1,1.2,39.7
Lebanon High School,3,1802,39,52,33.1,18,Public,41.5,49,100,5.5,74,1.5,8.5
Liberty Bell Middle School,5,1141,46,95.5,92.6,22.3,Public,82.3,88,51,11,76.4,2.9,6.7
Liberty Collegiate Academy,5,416,81,91.3,93.4,14.8,Public Charter,82.9,82.6,28,52.9,14.9,0.7,31.3
Liberty Elementary,4,522,46,86.4,93.5,11.3,Public,86.2,81,46,13.6,47.3,3.6,31.6
Liberty Elementary,2,717,62,31.7,20.5,16.6,Public,29.2,37.3,43,1.3,88.6,0.3,7.9
Liberty Elementary,3,807,63,60.1,52.4,13.4,Public,52.6,57.4,60,27.3,45.8,0.1,12
Lincoln Elementary,3,460,78,62.1,70.6,15.3,Public,65.5,58.7,30,17,63.9,0.9,5.4
Lipscomb Elementary,5,775,5,98.9,98.6,16.4,Public,94,96.9,47,3.6,80.9,8.1,2.6
Lockeland Elementary,5,300,20,99.4,98,13.6,Public Magnet,93.7,97.5,22,13,82.7,2,1.3
Longview Elementary School,5,863,13,95.4,91.1,17.2,Public,83.7,90.4,50,3.2,83.3,1.4,8.5
Madison Creek Elementary,4,740,21,79.7,82.9,13.7,Public,75.2,73.1,54,12.8,77,3.5,3.9
Maplewood High,0,1002,86,2.9,3.7,18.9,Public,13,7.2,53,72.2,11.3,1.1,14.5
Margaret Allen Middle,1,504,89,24.7,11.5,18.6,Public,20.5,33.1,27,34.3,31,3.6,30.8
Martin Luther King Junior School,5,1224,37,98.9,97.7,21.1,Public Magnet,90.2,98.9,58,36.8,42.1,11.8,4.7
Marvin Wright Elementary School,4,611,31,77.1,84.3,16.5,Public,76.4,72.1,37,3.9,86.7,1.8,7.4
May Werthan Shayne Elementary School,2,794,55,36.6,41.7,16.5,Public,45.5,41,48,32.5,50.5,8.3,6.4
McDowell Elementary,0,358,76,5.6,16.9,14.3,Public,25.2,11.4,25,42.7,33.2,0.8,22.6
McFadden School Of Excellence,5,388,3,99.8,99.3,18.4,Public Magnet,94.9,98.5,21,4.9,86.9,3.1,2.3
McGavock Elementary,1,310,76,19.9,15.3,14.7,Public,23.7,27.1,21,20.6,39.7,4.5,30.3
McGavock High,1,2314,65,19.8,24.7,17.5,Public,36.7,24.8,132,37.3,45.5,2.5,13.3
McMurray Middle,1,740,98,12.8,6.8,17.6,Public,13.6,21.4,42,11.9,18.2,19.5,50
Meigs Middle,5,699,28,98.2,98.4,19.4,Public Magnet,91.7,91.8,36,25.3,59.9,8.7,4.7
Middle College High,5,122,19,94.3,96.7,20.3,Public,89.4,83.5,6,52.5,37.7,4.1,4.9
Miller Perry Elementary,3,380,39,63.5,71.2,16.5,Public,65.9,61.3,23,0.5,94.5,1.1,1.8
Millersville Elementary,2,302,62,47.5,60.2,13.1,Public,57,47.7,23,5.6,67.9,1,21.2
Minglewood Elementary,3,812,76,58.5,36.1,13,Public,42.2,56,62,28,39.9,0.7,18.7
Mitchell-Neilson Elementary,1,819,65,12.4,28,13.4,Public,36.5,19.4,61,25.6,48.6,1.5,15.9
Moore Elementary,5,529,25,96.4,97.4,12,Public,92.9,91.9,44,9.1,59.9,10.4,17.2
Moore Magnet Elementary,4,472,59,85.5,75.8,12.7,Public Magnet,68.9,79.7,37,29.2,49.4,1.1,8.9
Moses McKissack Middle,0,345,98,3.8,3.5,11.5,Public,6.7,7.3,30,83.8,9.6,0,6.7
Mountain View Elementary,1,485,90,27.4,26,15.6,Public,34.8,33.8,31,19.4,58.4,0,11.1
Mt. Juliet Elementary,5,639,15,92.5,90.6,18.2,Public,82.9,87.5,35,0.2,84.5,4.7,4.5
Mt. Juliet High School,5,1993,18,93.1,89,19.3,Public,74.7,80.5,103,1.7,86.3,2.5,3.3
Mt. Juliet Middle School,5,1547,23,93.9,90,22.4,Public,80.1,84.8,69,0.6,85.8,2,3
Mt. Pleasant Middle Visual Perform. Arts,2,457,56,30.2,29.9,13,Public,39,37.6,35,19,77.2,0.7,2.4
Murrell School,0,71,87,0.2,,4.7,Public,,0.1,15,76.1,15.5,0,5.6
Nannie Berry Elementary,5,606,24,91.1,80.1,16.3,Public,72.3,86,37,7.1,83.5,4,4.3
Napier Elementary,0,476,84,0.7,1.1,13.2,Public Magnet,2.5,2.4,36,89.3,4.2,0.4,4.2
Nashville Big Picture High School,1,182,58,25,15.7,10.1,Public,28.9,30.1,18,53.8,36.3,1.1,7.7
Nashville Prep,4,383,55,82.2,95.7,15.3,Public Charter,88.4,73.7,25,79.6,7,0.8,12.5
Nashville School Of The Arts,3,621,36,53.7,60.9,20,Public Magnet,59.7,50.8,31,33.7,55.7,2.7,6.6
New Providence Middle School,3,1008,66,63.4,49.8,15.7,Public,52.1,60.2,64,22.9,55.1,0.6,13
New Vision Academy,4,178,81,86.8,74.6,13.6,Public Charter,67.6,77.8,13,50,7.9,1.1,40.4
Norman Binkley Elementary,1,510,86,11.6,13.4,13.7,Public,21.1,18.6,37,13.3,26.3,9.8,49
Norman Smith Elementary,4,625,73,87,94.4,13.5,Public,87.4,81.8,46,29.9,47.8,1,9.8
North Middle School,1,344,74,27.1,,19.1,Public,,35.4,18,0.3,95.9,0.6,1.7
North Side Elementary,3,249,64,64.5,46.9,10.8,Public,49,60.8,23,26.9,50.2,0.8,10
Northeast Elementary,3,854,38,60.6,55.4,14.4,Public,54.2,57.6,59,22,50.6,1.8,15
Northeast High School,4,1274,43,76.7,66.9,19.9,Public,62.4,65.5,64,35.2,41.4,2.2,12.8
Northeast Middle School,3,1163,46,67.6,54.1,17.6,Public,54.5,63.4,66,27.6,47.4,1.7,14.1
Northfield Elementary,3,610,48,61,59,11.5,Public,56.4,57.8,53,27.7,52.8,3,10
Northwest High School,3,1185,56,68.7,71.2,16.9,Public,64.1,59.8,70,26.4,57.4,1.4,9
Oak View Elementary School,5,665,6,97.8,98.1,15.8,Public,93.8,95.2,42,0.8,89.5,2.4,3.8
Oakland High School,3,1983,41,57.2,49.5,17,Public Magnet,52,53.4,116,25.1,59.1,3.7,10
Oakland Middle School,4,1046,42,74.9,58,16,Public,57.2,69,65,18.6,68.9,1.9,7.3
Oakmont Elementary,2,681,67,47.8,57.8,13.6,Public,55.7,48.7,50,10.7,72.4,1.9,9.8
Old Center Elementary,2,347,79,38.3,68.8,12.3,Public,64.2,42.2,28,46.1,23.9,2.3,24.5
Paragon Mills Elementary,0,920,86,4.3,5.6,15.3,Public,10.9,8.5,60,27.5,14.3,6,50.9
Park Avenue Elementary,0,521,91,7.4,10.3,11.3,Public Magnet,15.7,12.7,46,94.6,2.7,0,1.7
Pearl-Cohn High,0,905,89,3.7,3.3,15,Public Magnet,12.4,8.3,60,89,4.9,0.4,4.5
Pearre Creek Elementary School,5,753,3,97.9,96.1,16.3,Public,90.3,95.3,46,0.7,89.4,1.6,4.4
Pennington Elementary,1,361,57,10.6,14.5,15,Public,22.8,16.4,24,16.9,61.2,2.5,17.5
Percy Priest Elementary,5,561,13,99.1,99.5,16.5,Public,95.3,97,34,6.2,85.9,2.3,4.6
Pickett County Elementary,1,522,62,12.2,33.6,14.9,Public,40.8,19.9,35,0.8,96.7,0.4,2.1
Pickett County High School,3,249,59,50,46.8,13.8,Public,50.4,47.7,18,0.4,96,0.4,2.8
Poplar Grove 5-8,5,398,31,94.9,96.9,11.7,Public,89.6,87.7,34,6.5,61.1,4,25.1
Poplar Grove K-4,4,436,42,84.3,91.9,10.3,Public,84.3,78.2,42,4.8,51.4,3.7,37.8
Portland East Middle School,2,359,54,43.9,40.4,12.3,Public,46.3,46,29,4.2,88.9,0.3,5
Portland Gateview Elementary School,4,563,50,82.9,64.2,13,Public,60.2,75.9,43,3.7,86.5,0.7,4.6
Portland High School,3,1135,43,54,30.8,15.7,Public,40.1,51,72,5.2,88.9,0.4,4.2
Portland West Middle School,3,528,52,57.7,40,14.2,Public,46.1,56.2,37,6.3,86,0.6,6.1
R Howell Elementary,1,505,64,11.1,30.4,14.8,Public,38.2,17.1,34,25.5,58.6,1.6,12.7
Ravenwood High School,4,2025,4,69.8,96,19.2,Public,88.7,60.3,105,4.9,78.7,7.7,4.5
Renaissance High School,4,141,17,81.9,80.3,11.7,Public,68.7,68.8,12,2.8,90.8,0,3.5
Richview Middle School,4,990,36,87.4,77.7,17,Public,69.7,78.6,58,14.8,71,1.7,8
Ringgold Elementary,3,777,65,59.6,58.7,13.6,Public,56.2,56.6,57,35,34.4,0.5,17.9
Riverdale High School,4,1864,32,73.3,65.9,16.2,Public,62,62.6,115,14.9,71.9,5.8,5.1
Riverside Elementary,0,394,74,2.3,10.6,13.1,Public,16.3,6.3,30,33.8,51.3,0.3,14
Robert Churchwell Elementary,0,520,87,2,1.9,12,Public Magnet,4.3,6.1,43,91.3,3.7,0.6,2.1
Robert E Ellis Middle,5,602,19,95.7,95.9,15,Public,88.6,88.4,40,8,84.6,3,3.7
Robert E. Lilliard Elementary,0,400,92,6.7,11.1,14.8,Public Magnet,17.1,12,27,92,3.5,0.8,2.3
Robinson Middle School,5,900,42,91.9,85.9,17.3,Public,76.1,83.2,52,3.6,88.7,3.3,2.2
Rock Springs Elementary,3,454,43,56.5,47.7,15.1,Public,49.6,54.9,30,0.9,91.4,0.7,4.4
Rock Springs Elementary,4,945,34,81.6,88,16.2,Public,80.2,74.8,58,26.1,55.3,6.1,8.8
Roosevelt Elementary,4,269,86,69.9,65.8,12.2,Public,61.8,64.8,22,3.3,88.8,0,5.9
Rose Park Middle,5,430,63,91.5,83.2,16.5,Public Magnet,73.5,82.7,26,60.2,28.4,2.3,8.6
Rosebank Elementary,0,297,70,0.8,14.1,14.1,Public,22.5,2.8,21,57.2,30.3,2.4,5.4
Rossview Elementary,5,1322,26,94.5,93.7,16.5,Public,86.3,89.9,80,13.1,64.9,3.4,11.3
Rossview High School,5,1504,29,96,94,19.5,Public,82.7,85.9,77,18.6,66.5,2.1,7.5
Rossview Middle School,4,1179,36,88.5,82.6,16.8,Public,72.8,79.5,70,18.9,64.2,2.7,8
Roy L Waldron Elementary,2,826,78,30.7,40.8,13.7,Public,45.1,36.6,60,28.1,29.5,2.2,36
Rucker Stewart Middle,3,742,60,50.6,28.9,15.1,Public,38.6,51.6,49,27.6,52.2,1.3,17.3
Rutland Elementary,4,963,28,88.7,86.8,17.8,Public,79.1,83.3,54,1,77.9,8.1,4.4
STEM Preparatory Academy,3,420,55,68.6,90.8,14.4,Public Charter,80.6,64.5,29,16.7,16.7,1.4,65.2
Sam Houston Elementary,3,716,66,62.4,71.9,17,Public,66.2,59.2,42,19.6,65.1,0.7,11
Sango Elementary,5,563,18,96.6,95.3,14,Public,89,93,40,6.4,76.9,2.1,8.5
Scales Elementary,5,785,2,98.4,97.6,16.7,Public,93.2,96,47,1.3,88.4,4.1,2.7
Scales Elementary School,3,877,26,68.3,80,14.8,Public,71.9,63.7,59,19.5,62.4,4.7,5.9
Science Hill High School,5,2251,38,96.6,90.6,16,Public Magnet,78.5,88.7,140,11.3,77.4,1.9,7.3
Sevier Middle School,4,808,65,74.1,73,15.5,Public,66.6,68.8,52,13.9,75.7,2,5.2
Shelbyville Central High School,1,1290,67,28.2,27.1,16.9,Public,37.9,34.6,76,13.9,61.2,0.2,22.9
Shwab Elementary,0,341,79,8.6,7.9,12.6,Public,13.8,14.6,27,37.8,12.9,0.6,47.2
Siegel High School,3,1783,28,59.8,84.6,15.3,Public,71.3,55.3,116,16.8,74.6,2.1,4.7
Siegel Middle School,5,1039,32,91.1,90.6,17.3,Public,80.5,82.2,60,12.6,77.4,1.9,4.6
South Side Elementary,3,372,64,66.4,71.7,14.8,Public,66,62.6,25,8.9,67.7,1.3,14
South Side Elementary,2,410,80,32.2,32.2,12.8,Public,39.6,38,32,8.3,52,0.5,34.9
Southside Elementary,4,866,40,70.5,66.4,14.9,Public,62.4,65.5,58,0.3,90.3,0.3,5
Spencer Elementary,1,364,64,18.1,16,12.5,Public,24.4,26,29,0,99.7,0,0
Spring Hill Elementary,3,544,47,62,77.9,16.4,Public,70.4,58.8,33,11.2,76.5,1.8,10.3
Spring Hill High School,3,992,39,65.2,63.9,17.1,Public,60.9,58.6,58,15.2,75.6,1.3,7.8
Spring Hill Middle School,4,790,38,86.4,80.5,20.7,Public,71.5,77.9,38,8.9,82.3,1.4,6.7
Spring Station Middle School,5,1032,18,97.2,98,17.4,Public,90.5,90.4,59,3.3,86.3,1.4,5.4
Stanford Elementary,3,435,29,69.6,81.9,14.5,Public Magnet,74.3,64.9,30,29.9,52.6,6,9.7
Station Camp Elementary,5,1048,9,96,88.6,16.1,Public,80.6,91.6,65,5.4,86.8,2.8,2.9
Station Camp High School,4,1549,20,75,86.6,17.8,Public,73.1,64.5,87,11.2,79.4,1.4,7.2
Station Camp Middle School,4,759,13,89.3,91,16.8,Public,80.8,80,45,7.8,86.6,2.9,2.1
Stoner Creek Elementary,4,686,23,87.6,92.6,18,Public,85.1,82.4,38,0.1,82.1,3.1,6.4
Stratford High,0,675,83,8,7.4,16.4,Public Magnet,18.7,10.7,41,65.9,23.9,1.6,7.7
Sullivan East High School,2,930,55,46.3,26.8,14.5,Public,37.7,45,64,0.5,96.9,0.1,1.5
Sullivan Gardens K-8,3,510,64,50.3,53.8,18.2,Public,53.1,49.8,28,0.6,96.5,0,1
Sullivan North High School,2,533,63,34.8,25.1,11.3,Public,36.9,39.2,47,0.9,97.6,0,0.9
Sullivan South High School,4,904,34,87.6,26.4,16.7,Public,37.7,74,54,0.8,95.9,0.7,1.1
Summit High School,4,1319,12,70.1,94.6,18.3,Public,85.4,60.5,72,4,86.3,0.9,6.1
Sunset Elementary School,5,779,7,96.2,97.7,16.2,Public,93.6,91.9,48,5.9,73.6,12.1,4.4
Sunset Middle School,5,851,8,95.3,97.5,17.7,Public,90.4,88.5,48,5.5,77.4,7.1,5.8
Sylvan Park Elementary,3,491,42,63.3,50.8,14.8,Public Magnet,51.4,60.7,33,30.5,58.7,3.9,5.7
T. W. Hunter Middle School,5,696,20,93.7,77.9,13.6,Public,69.8,84.5,51,12.2,78.9,2.3,5
Tennessee High School,4,1189,43,85.3,70.2,15.6,Public,63.6,72.5,76,4.9,90.1,1.2,2.2
Tennessee Online Public School,5,222,27,90.8,62.5,111,Public Virtual,60.8,77.8,2,8.1,85.6,1.4,1.4
The Discovery School,5,226,44,91.3,93.1,16.1,Public,85.4,86.2,14,9.3,77,1.8,8
The Middle College @ Austin Peay State University,5,124,20,98.3,99.7,31,Public,99,95.9,4,9.7,63.7,1.6,16.1
Thomas Magnet,5,410,33,99.3,99.2,15.7,Public Magnet,94.9,97.5,26,4.6,70.2,1.7,20.5
Tom Joy Elementary,0,421,89,3.9,2.3,11.3,Public,5.3,8.5,37,51.5,23,1,20.9
Towne Acres Elementary,5,349,21,98,99,15.1,Public,94.5,95.4,23,3.2,77.4,10,2.6
Trinity Elementary,5,595,8,98.2,98.2,15.2,Public,93.8,96.1,39,2.2,86.2,4,3.5
Trousdale County Elementary,4,570,58,83,81,12.9,Public,73.3,76.1,44,10,80.4,0.4,4.4
Trousdale County High School,4,383,55,88.2,73.2,14.7,Public,64.9,74.2,26,14.6,81.7,0,2.3
Tuckers Crossroads Elementary,3,393,46,50.4,53.6,13.1,Public,52.9,49.8,30,0.3,90.3,1,3.3
Tusculum Elementary,0,722,91,1.8,2.6,14.1,Public,5.5,6.1,51,11.9,17.3,17,52.5
Two Rivers Middle,1,557,83,17.2,10.7,17.4,Public,18.8,24.8,32,43.8,34.3,2.3,18.3
Una Elementary,1,902,88,13.4,14.2,14.3,Public,22.6,21.6,63,37,29.8,2.2,28.7
Union Elementary School,5,528,15,94.7,94.1,17.6,Public,87.3,90,30,8.1,86.4,1.5,1.3
V G Hawkins Middle School,3,491,39,69,78.3,13.6,Public,70.3,64,36,13.2,76.4,1,7.7
Vance Middle School,4,572,54,78.9,66,13.9,Public,62,71.6,41,2.6,90.4,0.9,3
Vena Stuart Elementary,1,706,80,28.3,25.1,13.5,Public,33,34.7,52,22.5,45.6,1.6,25.2
W A Wright Elementary,4,657,40,89,89.8,16.8,Public,81.8,83.5,39,0.8,87.4,0.9,4.6
Walnut Grove Elementary,5,662,9,98.5,99.4,15.3,Public,95.2,96.2,43,1.7,89.4,4.1,2.6
Walter Hill Elementary,4,350,44,80.3,84.7,12.9,Public,76.8,73.8,27,6.9,79.7,1.1,6.9
Walter J. Baird Middle School,2,579,61,43.5,47.7,17,Public,50.9,46.3,34,19,68.7,1.6,8.8
Walton Ferry Elementary,4,461,33,86.9,81.3,14.4,Public,73.6,81.8,32,10,83.1,0.9,4.6
Warner Elementary,0,351,91,1.1,3.3,11.7,Public Magnet,7.2,2.8,30,89.7,5.1,0.6,2
Washington Elementary,4,449,48,81,88.4,15.4,Public,80.6,74.2,29,5.8,86.9,4.7,1.3
Watauga Elementary,4,392,44,72.1,35,15,Public,41.8,67.1,26,0.8,90.8,0.3,4.3
Watertown Elementary,2,611,50,46.8,52.6,13.8,Public,52.7,48,44,0.7,92.6,0.3,2.6
Watertown High School,3,408,41,51.1,27.8,13.1,Public,38.6,48.7,31,1.7,91.9,0.5,1
Watt Hardison Elementary,2,489,54,30,34.4,13.9,Public,41,36,35,2.9,78.9,0.6,14.3
Weaver Elementary,2,283,65,34.9,44.3,14.8,Public,47.6,39.7,19,1.4,95.4,0,2.1
West Creek Elementary School,4,638,46,79.6,64.8,13.8,Public,60.8,73.1,46,28.8,43.4,1.7,15.4
West Creek High School,3,1315,41,62.4,59.5,18,Public,58.9,57,73,36.2,37.8,1.8,15.8
West Creek Middle School,4,1049,46,77.5,59,17.4,Public,57.9,71.2,60,34.3,35.7,1.7,17.9
West Elementary,4,645,24,82.1,79.5,16.1,Public,71.5,75,40,0.8,87,1.4,5.1
West End Middle,3,494,51,51.4,70.7,15.4,Public Magnet,64.9,53.1,32,39.1,50.6,3.6,5.5
West Wilson Middle School,4,1153,30,80.2,78.9,19.8,Public,70.7,72.8,58,0.7,83.1,3.4,4.2
Westmeade Elementary,2,537,61,32,29.2,16.2,Public,37.6,37.6,33,21.6,55.3,6.3,11.4
Westwood Elementary School,4,550,40,77.3,87.4,14.1,Public,79.6,72.3,39,2.7,89.1,0.9,4
White House Heritage Elementary School,4,646,34,80,80.6,17.4,Public,73.1,73.6,37,2.6,90.2,1.9,3.3
White House Heritage High School,3,979,25,50.6,67.2,18.1,Public,62.5,48.1,54,2.7,91.4,1.3,3.1
White House High School,3,891,29,67.8,64.2,15.9,Public,61.1,59.7,56,2.2,92,0.7,4.3
White House Middle School,4,799,33,84,76.4,15,Public,69.1,74.7,53,2.5,91.4,1.6,4
Whitthorne Middle School,1,948,65,26.3,26.8,17.2,Public,37,35,55,22.4,61.7,1.7,14.1
Whitworth-Buchanan Middle School,3,851,60,50.4,53.7,14.6,Public,53.8,51.4,58,23.4,54.6,5.6,12.7
William Henry Oliver Middle,2,739,57,45.5,49.6,16.7,Public,51.8,47.9,44,26.9,51.3,11,10.1
Wilson Central High School,3,1823,24,55.7,63.2,17.8,Public,60.8,51.9,102,2.5,84.9,1.8,4.2
Wilson Elementary School,4,800,25,84.6,89,14.5,Public,81.3,79.3,55,5.5,86.4,2.6,4
Winfree Bryant Middle School,3,611,57,59.1,65.2,16.9,Public,61.4,57.7,36,15.2,66.3,1.5,15.7
Winstead Elementary School,5,515,8,93.9,97,14.3,Public,92,89.3,36,3.3,87.4,3.1,4.1
Woodland Elementary,4,424,55,84.8,76.7,14.1,Public,69.4,79.4,30,11.6,70.5,2.1,9.7
Woodland Middle School,5,866,2,93.3,97.1,19.2,Public,89.8,84.9,45,4.5,77.6,10,4.4
Wright Middle,0,829,89,4.5,1.2,16.5,Public,2.7,9.6,50,22.3,21,6.6,49.5