drug	disease	gene_count	genes
Inclusion membrane protein E CTL0371	obesity	3	['CDH2', 'CADM1', 'CDKAL1']
cediranib	acute myeloid leukemia	3	['KIT', 'PDGFRB', 'FLT3']
Inclusion membrane protein E CT_116	obesity	3	['CDH2', 'CADM1', 'CDKAL1']
crenolanib	acute myeloid leukemia	3	['KIT', 'PDGFRB', 'FLT3']
sunitinib	acute myeloid leukemia	3	['KIT', 'PDGFRB', 'FLT3']
linifanib	acute myeloid leukemia	3	['KIT', 'PDGFRB', 'FLT3']
fadrozole	glucocorticoid-remediable aldosteronism	2	['CYP11B1', 'CYP11B2']
pacritinib	acute myeloid leukemia	2	['JAK2', 'FLT3']
adenosine triphosphate	obesity	2	['RYR2', 'ITPR1']
caffeine	obesity	2	['RYR2', 'ITPR1']
Nintedanib	LADD syndrome	2	['FGFR2', 'FGFR3']
Nintedanib	Jackson–Weiss syndrome	2	['FGFR2', 'FGFR1']
semaxanib	acute myeloid leukemia	2	['KIT', 'PDGFRB']
sorafenib	acute myeloid leukemia	2	['KIT', 'FLT3']
sorafenib	colorectal cancer	2	['RET', 'BRAF']
masitinib	acute myeloid leukemia	2	['KIT', 'PDGFRB']
pazopanib	acute myeloid leukemia	2	['KIT', 'PDGFRB']
glyburide	permanent neonatal diabetes mellitus	1	['KCNJ11']
momelotinib	Crohn's disease	1	['JAK2']
mifepristone	glucocorticoid resistance	1	['NR3C1']
genistein	congenital bilateral aplasia of the vas deferens	1	['CFTR']
miglitol	glycogen storage disease II	1	['GAA']
gefitinib	non-small-cell lung carcinoma	1	['EGFR']
milameline	epilepsy	1	['CHRM3']
milameline	prune belly syndrome	1	['CHRM3']
minoxidil	maturity-onset diabetes of the young type 13	1	['KCNJ11']
minoxidil	permanent neonatal diabetes mellitus	1	['KCNJ11']
minoxidil	rare genetic diabetes mellitus	1	['KCNJ11']
minoxidil	type 2 diabetes	1	['KCNJ11']
mitotane	congenital adrenal insufficiency	1	['CYP11A1']
mitotane	glucocorticoid-remediable aldosteronism	1	['CYP11B1']
momelotinib	acute myeloid leukemia	1	['JAK2']
nandrolone	Kennedy disease	1	['AR']
momelotinib	myelodysplastic/myeloproliferative neoplasm	1	['JAK2']
momelotinib	myelofibrosis	1	['JAK2']
gefitinib	glioma	1	['EGFR']
momelotinib	polycythemia vera	1	['JAK2']
morphine	coronary artery disease	1	['OPRM1']
muscimol	early infantile epileptic encephalopathy 19	1	['GABRA1']
nafamostat	Ehlers-Danlos syndrome, periodontitis type	1	['C1R']
nalbuphine	coronary artery disease	1	['OPRM1']
nalmefene	coronary artery disease	1	['OPRM1']
nalorphine	coronary artery disease	1	['OPRM1']
naltrexone	coronary artery disease	1	['OPRM1']
naltriben	coronary artery disease	1	['OPRM1']
mifepristone	Kennedy disease	1	['AR']
midostaurin	acute myeloid leukemia	1	['FLT3']
mibolerone	Kennedy disease	1	['AR']
mibefradil	unipolar depression	1	['CACNA1C']
membrane protein [SARS-CoV-2]	combined vitamin K-dependent clotting factors deficiency	1	['GGCX']
mesalazine	familial partial lipodystrophy	1	['PPARG']
mesalazine	type 2 diabetes	1	['PPARG']
methazolamide	retinitis pigmentosa 17	1	['CA4']
geranyl diphosphate	mevalonic aciduria	1	['MVK']
geranyl diphosphate	MVK	1	['MVK']
methoctramine free base	epilepsy	1	['CHRM3']
methoctramine free base	prune belly syndrome	1	['CHRM3']
methoxamine	gestational hypertension	1	['ADRA1D']
methoxamine	pre-eclampsia	1	['ADRA1D']
methyl 6,7-dimethoxy-4-ethyl-β-carboline-3-carboxylate	early infantile epileptic encephalopathy 19	1	['GABRA1']
methylnaltrexone	coronary artery disease	1	['OPRM1']
methylphenidate	infantile parkinsonism-dystonia	1	['SLC6A3']
methylprednisolone	glucocorticoid resistance	1	['NR3C1']
methyltestosterone	Kennedy disease	1	['AR']
metribolone	Kennedy disease	1	['AR']
metyrapone	glucocorticoid-remediable aldosteronism	1	['CYP11B1']
mibefradil	Brugada syndrome 3	1	['CACNA1C']
mibefradil	Timothy syndrome	1	['CACNA1C']
mibefradil	bipolar disorder	1	['CACNA1C']
mibefradil	deafness-infertility syndrome	1	['CATSPER2']
mibefradil	major depressive disorder	1	['CACNA1C']
geranyl diphosphate	Hyper-IgD syndrome	1	['MVK']
genistein	cystic fibrosis	1	['CFTR']
mibefradil	schizophrenia	1	['CACNA1C']
naltrindole	coronary artery disease	1	['OPRM1']
navitoclax	chronic lymphocytic leukemia	1	['BCL2']
glyburide	rare genetic diabetes mellitus	1	['KCNJ11']
oxymetazoline	pre-eclampsia	1	['ADRA1D']
non-structural protein 6 [SARS-CoV-2]	amyotrophic lateral sclerosis type 16	1	['SIGMAR1']
non-structural protein 6 [SARS-CoV-2]	autosomal recessive distal spinal muscular atrophy 2	1	['SIGMAR1']
norepinephrine	gestational hypertension	1	['ADRA1D']
norepinephrine	pre-eclampsia	1	['ADRA1D']
ocinaplon	early infantile epileptic encephalopathy 19	1	['GABRA1']
omarigliptin	rheumatoid arthritis	1	['DPP4']
osimertinib	glioma	1	['EGFR']
osimertinib	non-small-cell lung carcinoma	1	['EGFR']
oxotremorine	epilepsy	1	['CHRM3']
oxotremorine	prune belly syndrome	1	['CHRM3']
gbr-12935	infantile parkinsonism-dystonia	1	['SLC6A3']
oxymetazoline	gestational hypertension	1	['ADRA1D']
oxytocin	alcohol dependence	1	['OXTR']
nelivaptan	alcohol dependence	1	['OXTR']
pacritinib	Crohn's disease	1	['JAK2']
gaboxadol	early infantile epileptic encephalopathy 19	1	['GABRA1']
pacritinib	myelodysplastic/myeloproliferative neoplasm	1	['JAK2']
pacritinib	myelofibrosis	1	['JAK2']
pacritinib	polycythemia vera	1	['JAK2']
palbociclib	melanoma, cutaneous malignant, susceptibility to, 3	1	['CDK4']
palbociclib	microcephaly 12, primary, autosomal recessive	1	['CDK6']
palbociclib	rheumatoid arthritis	1	['CDK6']
pamoic acid	inflammatory bowel diseases	1	['GPR35']
pamoic acid	sclerosing cholangitis	1	['GPR35']
pamoic acid	ulcerative colitis	1	['GPR35']
pancuronium (cation)	congenital myasthenic syndrome 1B	1	['CHRNA1']
nitroarginine	psoriasis	1	['NOS2']
nisoldipine	unipolar depression	1	['CACNA1C']
nisoldipine	schizophrenia	1	['CACNA1C']
nisoldipine	major depressive disorder	1	['CACNA1C']
nepicastat	dopamine beta-hydroxylase deficiency	1	['DBH']
neratinib	glioma	1	['EGFR']
neratinib	non-small-cell lung carcinoma	1	['EGFR']
netoglitazone	familial partial lipodystrophy	1	['PPARG']
netoglitazone	type 2 diabetes	1	['PPARG']
nicorandil	maturity-onset diabetes of the young type 13	1	['KCNJ11']
nicorandil	permanent neonatal diabetes mellitus	1	['KCNJ11']
nicorandil	rare genetic diabetes mellitus	1	['KCNJ11']
nicorandil	type 2 diabetes	1	['KCNJ11']
nifedipine	Brugada syndrome 3	1	['CACNA1C']
nifedipine	Timothy syndrome	1	['CACNA1C']
nifedipine	bipolar disorder	1	['CACNA1C']
nifedipine	hypokalemic periodic paralysis	1	['CACNA1S']
nifedipine	major depressive disorder	1	['CACNA1C']
nifedipine	schizophrenia	1	['CACNA1C']
nifedipine	unipolar depression	1	['CACNA1C']
niflumic acid	familial atrial fibrillation	1	['KCNQ1']
niflumic acid	long QT syndrome	1	['KCNQ1']
niflumic acid	type 2 diabetes	1	['KCNQ1']
nilutamide	Kennedy disease	1	['AR']
nimodipine	congenital bilateral aplasia of the vas deferens	1	['CFTR']
nimodipine	cystic fibrosis	1	['CFTR']
nisoldipine	Brugada syndrome 3	1	['CACNA1C']
nisoldipine	Timothy syndrome	1	['CACNA1C']
nisoldipine	bipolar disorder	1	['CACNA1C']
geranylgeranyl pyrophosphate	Hyper-IgD syndrome	1	['MVK']
mefenamic acid	type 2 diabetes	1	['KCNQ1']
mefenamic acid	long QT syndrome	1	['KCNQ1']
ivacaftor	congenital bilateral aplasia of the vas deferens	1	['CFTR']
indiplon	early infantile epileptic encephalopathy 19	1	['GABRA1']
indomethacin	familial partial lipodystrophy	1	['PPARG']
indomethacin	type 2 diabetes	1	['PPARG']
indoramin	gestational hypertension	1	['ADRA1D']
indoramin	pre-eclampsia	1	['ADRA1D']
ingenol mebutate	inflammatory bowel diseases	1	['PRKCB']
ingenol mebutate	spinocerebellar ataxia type 14	1	['PRKCG']
isoguvacine	early infantile epileptic encephalopathy 19	1	['GABRA1']
isonipecotic acid	early infantile epileptic encephalopathy 19	1	['GABRA1']
isopentenyl pyrophosphate	Hyper-IgD syndrome	1	['MVK']
isopentenyl pyrophosphate	MVK	1	['MVK']
isopentenyl pyrophosphate	mevalonic aciduria	1	['MVK']
ivacaftor	cystic fibrosis	1	['CFTR']
mefenamic acid	familial atrial fibrillation	1	['KCNQ1']
kynurenic acid	inflammatory bowel diseases	1	['GPR35']
kynurenic acid	sclerosing cholangitis	1	['GPR35']
kynurenic acid	ulcerative colitis	1	['GPR35']
labetalol	gestational hypertension	1	['ADRA1D']
labetalol	pre-eclampsia	1	['ADRA1D']
lapatinib	glioma	1	['EGFR']
lapatinib	non-small-cell lung carcinoma	1	['EGFR']
lasofoxifene	alcohol dependence	1	['ESR1']
lasofoxifene	breast cancer	1	['ESR1']
lasofoxifene	obesity	1	['ESR1']
lestaurtinib	acute myeloid leukemia	1	['FLT3']
letrozole	aromatase excess syndrome	1	['CYP19A1']
imipramine	Temple-Baraitser syndrome	1	['KCNH1']
icotinib	non-small-cell lung carcinoma	1	['EGFR']
icotinib	glioma	1	['EGFR']
ibutilide	short QT syndrome	1	['KCNH2']
glyburide	type 2 diabetes	1	['KCNJ11']
glycochenodeoxycholic acid	metabolic disease	1	['ABCB11']
glycopyrrolate	epilepsy	1	['CHRM3']
glycopyrrolate	prune belly syndrome	1	['CHRM3']
goserelin	hypogonadotropic hypogonadism 7 with or without anosmia	1	['GNRHR']
haloperidol	Temple-Baraitser syndrome	1	['KCNH1']
glyburide	maturity-onset diabetes of the young type 13	1	['KCNJ11']
hexamethonium	autosomal dominant nocturnal frontal lobe epilepsy 4	1	['CHRNA2']
hexamethonium	chronic obstructive pulmonary disease	1	['CHRNA3']
hexamethonium	obesity	1	['CHRNA3']
hexocyclium	epilepsy	1	['CHRM3']
hexocyclium	prune belly syndrome	1	['CHRM3']
himbacine	epilepsy	1	['CHRM3']
himbacine	prune belly syndrome	1	['CHRM3']
histrelin	hypogonadotropic hypogonadism 7 with or without anosmia	1	['GNRHR']
hydrocodone	coronary artery disease	1	['OPRM1']
hydromorphone	coronary artery disease	1	['OPRM1']
hydroxyflutamide	Kennedy disease	1	['AR']
hypothetical protein CTL0003	melanoma-pancreatic cancer syndrome	1	['CDKN2A']
ibrutinib	Bruton-type agammaglobulinemia	1	['BTK']
ibrutinib	maturity-onset diabetes of the young type 11	1	['BLK']
ibrutinib	rheumatoid arthritis	1	['BLK']
ibrutinib	smallpox	1	['BLK']
ibrutinib	systemic lupus erythematosus	1	['BLK']
ibutilide	long QT syndrome	1	['KCNH2']
leuprolide	hypogonadotropic hypogonadism 7 with or without anosmia	1	['GNRHR']
levallorphan	coronary artery disease	1	['OPRM1']
levomethadone	coronary artery disease	1	['OPRM1']
glyburide	congenital bilateral aplasia of the vas deferens	1	['CFTR']
linopirdine	undetermined early-onset epileptic encephalopathy	1	['KCNQ2']
liothyronine	congenital nongoitrous hypothryoidism 6	1	['THRA']
lonafarnib	Costello syndrome	1	['HRAS']
lonafarnib	Noonan syndrome 3	1	['KRAS']
lonafarnib	Schimmelpenning syndrome	1	['HRAS']
lonafarnib	acute myeloid leukemia	1	['KRAS']
lonafarnib	bladder cancer	1	['HRAS']
lonafarnib	follicular thyroid cancer	1	['HRAS']
lonafarnib	juvenile myelomonocytic leukemia	1	['KRAS']
loperamide	coronary artery disease	1	['OPRM1']
maraviroc	type 1 diabetes mellitus 22	1	['CCR5']
masitinib	Kosaki overgrowth syndrome	1	['PDGFRB']
masitinib	acroosteolysis-keloid-like lesions-premature aging syndrome	1	['PDGFRB']
geranylgeranyl pyrophosphate	mevalonic aciduria	1	['MVK']
geranylgeranyl pyrophosphate	MVK	1	['MVK']
masitinib	gastrointestinal stromal tumor	1	['KIT']
masitinib	infantile myofibromatosis	1	['PDGFRB']
masitinib	juvenile myelomonocytic leukemia	1	['PDGFRB']
pazopanib	Hartsfield-Bixler-Demyer syndrome	1	['FGFR1']
masitinib	piebaldism	1	['KIT']
mazindol	infantile parkinsonism-dystonia	1	['SLC6A3']
mecamylamine	autosomal dominant nocturnal frontal lobe epilepsy 4	1	['CHRNA2']
mecamylamine	chronic obstructive pulmonary disease	1	['CHRNA3']
mecamylamine	congenital myasthenic syndrome 1B	1	['CHRNA1']
mecamylamine	obesity	1	['CHRNA3']
linopirdine	refractive error	1	['KCNQ5']
linopirdine	nonsyndromic deafness	1	['KCNQ4']
levomilnacipran	infantile parkinsonism-dystonia	1	['SLC6A3']
linopirdine	autosomal dominant nonsyndromic deafness 2A	1	['KCNQ4']
levonordefrin	gestational hypertension	1	['ADRA1D']
levonordefrin	pre-eclampsia	1	['ADRA1D']
lidocaine	Brugada syndrome 1	1	['SCN5A']
lidocaine	dilated cardiomyopathy 1E	1	['SCN5A']
lidocaine	long QT syndrome 3	1	['SCN5A']
lidocaine	sudden infant death syndrome	1	['SCN5A']
linaclotide	congenital diarrhea 6	1	['GUCY2C']
linagliptin	rheumatoid arthritis	1	['DPP4']
linifanib	Kosaki overgrowth syndrome	1	['PDGFRB']
linifanib	acroosteolysis-keloid-like lesions-premature aging syndrome	1	['PDGFRB']
glyburide	cystic fibrosis	1	['CFTR']
linifanib	colorectal cancer	1	['RET']
linifanib	familial medullary thyroid carcinoma	1	['RET']
linifanib	gastrointestinal stromal tumor	1	['KIT']
linifanib	hereditary pheochromocytoma-paraganglioma	1	['RET']
linifanib	infantile myofibromatosis	1	['PDGFRB']
linifanib	juvenile myelomonocytic leukemia	1	['PDGFRB']
linifanib	multiple endocrine neoplasia type 2A	1	['RET']
linifanib	multiple endocrine neoplasia type 2B	1	['RET']
linifanib	phaeochromocytoma	1	['RET']
linifanib	piebaldism	1	['KIT']
linoleic acid	familial partial lipodystrophy	1	['PPARG']
linoleic acid	obesity	1	['KCNB1']
linoleic acid	type 2 diabetes	1	['PPARG']
linopirdine	autosomal dominant mental retardation 46	1	['KCNQ5']
pazopanib	Encephalocraniocutaneous lipomatosis	1	['FGFR1']
(-)-pentazocine	amyotrophic lateral sclerosis type 16	1	['SIGMAR1']
pazopanib	Jackson–Weiss syndrome	1	['FGFR1']
spiroxatrine	pre-eclampsia	1	['ADRA1D']
tamoxifen	alcohol dependence	1	['ESR1']
tamoxifen	breast cancer	1	['ESR1']
tamoxifen	obesity	1	['ESR1']
tamsulosin	gestational hypertension	1	['ADRA1D']
tamsulosin	pre-eclampsia	1	['ADRA1D']
tapentadol	coronary artery disease	1	['OPRM1']
telaprevir	galactosialidosis	1	['CTSA']
temsirolimus	macrocephaly-intellectual disability-neurodevelopmental disorder-small thorax syndrome	1	['MTOR']
terazosin	gestational hypertension	1	['ADRA1D']
terazosin	pre-eclampsia	1	['ADRA1D']
terfenadine	Temple-Baraitser syndrome	1	['KCNH1']
terfenadine	long QT syndrome	1	['KCNH2']
terfenadine	short QT syndrome	1	['KCNH2']
testolactone	aromatase excess syndrome	1	['CYP19A1']
testosterone propionate	Kennedy disease	1	['AR']
tetraethylammonium	autosomal dominant mental retardation 46	1	['KCNQ5']
tetraethylammonium	autosomal dominant nonsyndromic deafness 2A	1	['KCNQ4']
tetraethylammonium	coronary artery disease	1	['KCNQ3']
tetraethylammonium	nonsyndromic deafness	1	['KCNQ4']
tetraethylammonium	refractive error	1	['KCNQ5']
tetraethylammonium	undetermined early-onset epileptic encephalopathy	1	['KCNQ2']
tezampanel	syndromic X-linked intellectual disability 94	1	['GRIA3']
ticagrelor	platelet-type bleeding disorder 8	1	['P2RY12']
tiratricol	congenital nongoitrous hypothryoidism 6	1	['THRA']
tivantinib	autosomal recessive nonsyndromic deafness 97	1	['MET']
tivantinib	multiple sclerosis	1	['MET']
tivantinib	osteofibrous dysplasia	1	['MET']
tafamidis	transthyretin amyloidosis	1	['TTR']
tafamidis	hereditary ATTR amyloidosis	1	['TTR']
suramin	obesity	1	['RYR2']
sunitinib	Pfeiffer syndrome type 1	1	['FGFR1']
staurosporine	autosomal dominant mental retardation 54	1	['CAMK2B']
staurosporine	coronary artery disease	1	['TNIK']
staurosporine	metabolic disease	1	['CAMK2B']
staurosporine	osteoarthritis	1	['CAMK2B']
staurosporine	schizophrenia	1	['TNIK']
succinylcholine	congenital myasthenic syndrome 1B	1	['CHRNA1']
sufentanil	coronary artery disease	1	['OPRM1']
sufugolix	hypogonadotropic hypogonadism 7 with or without anosmia	1	['GNRHR']
sunitinib	Encephalocraniocutaneous lipomatosis	1	['FGFR1']
sunitinib	Hartsfield-Bixler-Demyer syndrome	1	['FGFR1']
sunitinib	Jackson–Weiss syndrome	1	['FGFR1']
sunitinib	Kosaki overgrowth syndrome	1	['PDGFRB']
sunitinib	acroosteolysis-keloid-like lesions-premature aging syndrome	1	['PDGFRB']
suramin	lymphoblastic leukemia	1	['RYR2']
sunitinib	colorectal cancer	1	['RET']
sunitinib	familial medullary thyroid carcinoma	1	['RET']
sunitinib	gastrointestinal stromal tumor	1	['KIT']
sunitinib	hereditary pheochromocytoma-paraganglioma	1	['RET']
sunitinib	infantile myofibromatosis	1	['PDGFRB']
sunitinib	juvenile myelomonocytic leukemia	1	['PDGFRB']
sunitinib	multiple endocrine neoplasia type 2A	1	['RET']
sunitinib	multiple endocrine neoplasia type 2B	1	['RET']
sunitinib	osteoglophonic dwarfism	1	['FGFR1']
sunitinib	phaeochromocytoma	1	['RET']
sunitinib	piebaldism	1	['KIT']
suramin	arrhythmogenic right ventricular dysplasia 2	1	['RYR2']
tolbutamide	maturity-onset diabetes of the young type 13	1	['KCNJ11']
tolbutamide	permanent neonatal diabetes mellitus	1	['KCNJ11']
tolbutamide	rare genetic diabetes mellitus	1	['KCNJ11']
vinburnine	epilepsy	1	['CHRM3']
vemurafenib	dilated cardiomyopathy 1NN	1	['RAF1']
vemurafenib	hypertrophic cardiomyopathy	1	['RAF1']
vemurafenib	non-Hodgkin lymphoma	1	['BRAF']
verapamil	Brugada syndrome 3	1	['CACNA1C']
verapamil	Timothy syndrome	1	['CACNA1C']
verapamil	bipolar disorder	1	['CACNA1C']
verapamil	hypokalemic periodic paralysis	1	['CACNA1S']
verapamil	major depressive disorder	1	['CACNA1C']
verapamil	schizophrenia	1	['CACNA1C']
verapamil	unipolar depression	1	['CACNA1C']
vicriviroc	type 1 diabetes mellitus 22	1	['CCR5']
vildagliptin	rheumatoid arthritis	1	['DPP4']
vinburnine	prune belly syndrome	1	['CHRM3']
vemurafenib	Noonan syndrome 7	1	['BRAF']
vincamine	epilepsy	1	['CHRM3']
vincamine	prune belly syndrome	1	['CHRM3']
vismodegib	Curry-Jones syndrome	1	['SMO']
xanomeline	epilepsy	1	['CHRM3']
xanomeline	prune belly syndrome	1	['CHRM3']
ximelagatran	Hypoprothrombinemia	1	['F2']
ximelagatran	thrombophilia	1	['F2']
zaprinast	inflammatory bowel diseases	1	['GPR35']
zaprinast	sclerosing cholangitis	1	['GPR35']
zaprinast	ulcerative colitis	1	['GPR35']
zaragozic acid A	fatty liver disease	1	['FDFT1']
ziconotide	dystonia 23	1	['CACNA1B']
vemurafenib	colorectal cancer	1	['BRAF']
vemurafenib	Noonan syndrome 5	1	['RAF1']
tolbutamide	type 2 diabetes	1	['KCNJ11']
umeclidinium	prune belly syndrome	1	['CHRM3']
tolterodine	epilepsy	1	['CHRM3']
tolterodine	prune belly syndrome	1	['CHRM3']
topiramate	retinitis pigmentosa 17	1	['CA4']
tranylcypromine	palatal anomalies-widely spaced teeth-facial dysmorphism-developmental delay syndrome	1	['KDM1A']
triamcinolone	glucocorticoid resistance	1	['NR3C1']
triamcinolone acetonide	glucocorticoid resistance	1	['NR3C1']
triazolam	early infantile epileptic encephalopathy 19	1	['GABRA1']
trimipramine	infantile parkinsonism-dystonia	1	['SLC6A3']
triptorelin	hypogonadotropic hypogonadism 7 with or without anosmia	1	['GNRHR']
tropicamide	epilepsy	1	['CHRM3']
tropicamide	prune belly syndrome	1	['CHRM3']
umeclidinium	epilepsy	1	['CHRM3']
vandetanib	colorectal cancer	1	['RET']
vatalanib	juvenile myelomonocytic leukemia	1	['PDGFRB']
vandetanib	familial medullary thyroid carcinoma	1	['RET']
vandetanib	glioma	1	['EGFR']
vandetanib	hereditary pheochromocytoma-paraganglioma	1	['RET']
vandetanib	multiple endocrine neoplasia type 2A	1	['RET']
vandetanib	multiple endocrine neoplasia type 2B	1	['RET']
vandetanib	non-small-cell lung carcinoma	1	['EGFR']
vandetanib	phaeochromocytoma	1	['RET']
vasotocin	alcohol dependence	1	['OXTR']
vatalanib	Kosaki overgrowth syndrome	1	['PDGFRB']
vatalanib	acroosteolysis-keloid-like lesions-premature aging syndrome	1	['PDGFRB']
vatalanib	acute myeloid leukemia	1	['PDGFRB']
vatalanib	infantile myofibromatosis	1	['PDGFRB']
sq-109	fatty liver disease	1	['FDFT1']
spiroxatrine	gestational hypertension	1	['ADRA1D']
pazopanib	Kosaki overgrowth syndrome	1	['PDGFRB']
spiperone	pre-eclampsia	1	['ADRA1D']
ponatinib	phaeochromocytoma	1	['RET']
prazosin	gestational hypertension	1	['ADRA1D']
prazosin	pre-eclampsia	1	['ADRA1D']
prednisolone	glucocorticoid resistance	1	['NR3C1']
prednisone	glucocorticoid resistance	1	['NR3C1']
procaine	arrhythmogenic right ventricular dysplasia 2	1	['RYR2']
procaine	lymphoblastic leukemia	1	['RYR2']
procaine	obesity	1	['RYR2']
progesterone	deafness-infertility syndrome	1	['CATSPER2']
propantheline	epilepsy	1	['CHRM3']
propantheline	prune belly syndrome	1	['CHRM3']
prunetin	alcohol dependence	1	['ALDH2']
prunetin	cerebrovascular disease	1	['ALDH2']
prunetin	coronary artery disease	1	['ALDH2']
prunetin	intracranial aneurysm	1	['ALDH2']
prunetin	stroke	1	['ALDH2']
quadazocine	coronary artery disease	1	['OPRM1']
quinidine	Temple-Baraitser syndrome	1	['KCNH1']
raloxifene	alcohol dependence	1	['ESR1']
raloxifene	breast cancer	1	['ESR1']
raloxifene	obesity	1	['ESR1']
regorafenib	Noonan syndrome 7	1	['BRAF']
regorafenib	colorectal cancer	1	['BRAF']
regorafenib	non-Hodgkin lymphoma	1	['BRAF']
relcovaptan	alcohol dependence	1	['OXTR']
relugolix	hypogonadotropic hypogonadism 7 with or without anosmia	1	['GNRHR']
resveratrol	familial partial lipodystrophy	1	['PPARG']
ponatinib	multiple endocrine neoplasia type 2B	1	['RET']
ponatinib	multiple endocrine neoplasia type 2A	1	['RET']
ponatinib	hereditary pheochromocytoma-paraganglioma	1	['RET']
phentolamine	gestational hypertension	1	['ADRA1D']
pazopanib	Pfeiffer syndrome type 1	1	['FGFR1']
pazopanib	acroosteolysis-keloid-like lesions-premature aging syndrome	1	['PDGFRB']
furosemide	sclerosing cholangitis	1	['GPR35']
pazopanib	gastrointestinal stromal tumor	1	['KIT']
pazopanib	infantile myofibromatosis	1	['PDGFRB']
pazopanib	juvenile myelomonocytic leukemia	1	['PDGFRB']
pazopanib	osteoglophonic dwarfism	1	['FGFR1']
pazopanib	piebaldism	1	['KIT']
pethidine	coronary artery disease	1	['OPRM1']
phenelzine	infantile parkinsonism-dystonia	1	['SLC6A3']
phenelzine	osteonecrosis	1	['CYP2C8']
phenelzine	smallpox	1	['CYP2C8']
phentolamine	pre-eclampsia	1	['ADRA1D']
ponatinib	familial medullary thyroid carcinoma	1	['RET']
picrotoxin	early infantile epileptic encephalopathy 19	1	['GABRA1']
picrotoxin	obesity	1	['GABRB1']
pilocarpine	epilepsy	1	['CHRM3']
pilocarpine	prune belly syndrome	1	['CHRM3']
pimagedine	psoriasis	1	['NOS2']
pioglitazone	familial partial lipodystrophy	1	['PPARG']
pioglitazone	type 2 diabetes	1	['PPARG']
piracetam	syndromic X-linked intellectual disability 94	1	['GRIA3']
pirenzepine	epilepsy	1	['CHRM3']
pirenzepine	prune belly syndrome	1	['CHRM3']
plerixafor	WHIM syndrome	1	['CXCR4']
ponatinib	colorectal cancer	1	['RET']
resveratrol	type 2 diabetes	1	['PPARG']
ridaforolimus	macrocephaly-intellectual disability-neurodevelopmental disorder-small thorax syndrome	1	['MTOR']
risperidone	gestational hypertension	1	['ADRA1D']
sorafenib	dilated cardiomyopathy 1NN	1	['RAF1']
silodosin	gestational hypertension	1	['ADRA1D']
silodosin	pre-eclampsia	1	['ADRA1D']
sitagliptin	rheumatoid arthritis	1	['DPP4']
sivelestat	cyclic hematopoiesis	1	['ELANE']
sivelestat	neutropenia	1	['ELANE']
sonidegib	Curry-Jones syndrome	1	['SMO']
sorafenib	Encephalocraniocutaneous lipomatosis	1	['FGFR1']
sorafenib	Hartsfield-Bixler-Demyer syndrome	1	['FGFR1']
sorafenib	Jackson–Weiss syndrome	1	['FGFR1']
sorafenib	Noonan syndrome 5	1	['RAF1']
sorafenib	Noonan syndrome 7	1	['BRAF']
sorafenib	Pfeiffer syndrome type 1	1	['FGFR1']
sorafenib	familial medullary thyroid carcinoma	1	['RET']
semaxanib	piebaldism	1	['KIT']
sorafenib	gastrointestinal stromal tumor	1	['KIT']
sorafenib	hereditary pheochromocytoma-paraganglioma	1	['RET']
sorafenib	hypertrophic cardiomyopathy	1	['RAF1']
sorafenib	multiple endocrine neoplasia type 2A	1	['RET']
sorafenib	multiple endocrine neoplasia type 2B	1	['RET']
sorafenib	non-Hodgkin lymphoma	1	['BRAF']
sorafenib	osteoglophonic dwarfism	1	['FGFR1']
sorafenib	phaeochromocytoma	1	['RET']
sorafenib	piebaldism	1	['KIT']
sorafenib	spondyloepimetaphyseal dysplasia-short limb-abnormal calcification syndrome	1	['DDR2']
spermine	neonatal severe primary hyperparathyroidism	1	['CASR']
spiperone	gestational hypertension	1	['ADRA1D']
sibutramine	infantile parkinsonism-dystonia	1	['SLC6A3']
semaxanib	juvenile myelomonocytic leukemia	1	['PDGFRB']
risperidone	pre-eclampsia	1	['ADRA1D']
ruxolitinib	polycythemia vera	1	['JAK2']
ritanserin	gestational hypertension	1	['ADRA1D']
ritanserin	pre-eclampsia	1	['ADRA1D']
rosiglitazone	familial partial lipodystrophy	1	['PPARG']
rosiglitazone	type 2 diabetes	1	['PPARG']
rottlerin	long QT syndrome	1	['KCNH2']
rottlerin	short QT syndrome	1	['KCNH2']
ruboxistaurin	inflammatory bowel diseases	1	['PRKCB']
ruboxistaurin	spinocerebellar ataxia type 14	1	['PRKCG']
ruxolitinib	Crohn's disease	1	['JAK2']
ruxolitinib	acute myeloid leukemia	1	['JAK2']
ruxolitinib	myelodysplastic/myeloproliferative neoplasm	1	['JAK2']
ruxolitinib	myelofibrosis	1	['JAK2']
ruxolitinib	psoriasis	1	['TYK2']
semaxanib	infantile myofibromatosis	1	['PDGFRB']
ruxolitinib	rheumatoid arthritis	1	['TYK2']
ruxolitinib	type-1 diabetes	1	['TYK2']
sabcomeline	epilepsy	1	['CHRM3']
sabcomeline	prune belly syndrome	1	['CHRM3']
saridegib	Curry-Jones syndrome	1	['SMO']
saxagliptin	rheumatoid arthritis	1	['DPP4']
semagacestat	Alzheimer disease 3	1	['PSEN1']
semagacestat	Pick disease	1	['PSEN1']
semagacestat	dilated cardiomyopathy 1U	1	['PSEN1']
semaxanib	Kosaki overgrowth syndrome	1	['PDGFRB']
semaxanib	acroosteolysis-keloid-like lesions-premature aging syndrome	1	['PDGFRB']
semaxanib	gastrointestinal stromal tumor	1	['KIT']
furosemide	ulcerative colitis	1	['GPR35']
flupirtine	undetermined early-onset epileptic encephalopathy	1	['KCNQ2']
furosemide	inflammatory bowel diseases	1	['GPR35']
Inclusion membrane protein E CTL0371	gestational diabetes	1	['CDKAL1']
NADA	migraine without aura	1	['TRPM8']
NAN 190	gestational hypertension	1	['ADRA1D']
NAN 190	pre-eclampsia	1	['ADRA1D']
NBQX	syndromic X-linked intellectual disability 94	1	['GRIA3']
NPS-2143	neonatal severe primary hyperparathyroidism	1	['CASR']
Nintedanib	Antley-Bixler syndrome	1	['FGFR2']
Nintedanib	Beare-Stevenson cutis gyrata syndrome	1	['FGFR2']
Nintedanib	Crouzon syndrone	1	['FGFR2']
Nintedanib	Crouzonodermoskeletal syndrome	1	['FGFR3']
Nintedanib	Encephalocraniocutaneous lipomatosis	1	['FGFR1']
Nintedanib	Hartsfield-Bixler-Demyer syndrome	1	['FGFR1']
Nintedanib	Kosaki overgrowth syndrome	1	['PDGFRB']
Nintedanib	McGillivray syndrome	1	['FGFR2']
Nintedanib	Muenke syndrome	1	['FGFR3']
Nintedanib	Pfeiffer syndrome type 1	1	['FGFR1']
Nintedanib	SADDAN	1	['FGFR3']
Nintedanib	acroosteolysis-keloid-like lesions-premature aging syndrome	1	['PDGFRB']
Nintedanib	acute myeloid leukemia	1	['PDGFRB']
Nintedanib	bladder cancer	1	['FGFR3']
Nintedanib	breast cancer	1	['FGFR2']
Nintedanib	camptodactyly-tall stature-scoliosis-hearing loss syndrome	1	['FGFR3']
Nintedanib	infantile myofibromatosis	1	['PDGFRB']
Nintedanib	juvenile myelomonocytic leukemia	1	['PDGFRB']
Nintedanib	osteoglophonic dwarfism	1	['FGFR1']
Nintedanib	seborrheic keratosis	1	['FGFR3']
Nintedanib	thanatophoric dysplasia type 1	1	['FGFR3']
Nintedanib	thanatophoric dysplasia type 2	1	['FGFR3']
NADA	migraine with aura	1	['TRPM8']
NADA	migraine	1	['TRPM8']
NADA	amyotrophic lateral sclerosis	1	['TRPM8']
Inclusion membrane protein E CT_116	type 2 diabetes	1	['CDKAL1']
Inclusion membrane protein E CTL0371	ileal neoplasm	1	['CDKAL1']
Inclusion membrane protein E CTL0371	non-small-cell lung carcinoma	1	['EGFR']
Inclusion membrane protein E CTL0371	periodontitis	1	['IGF2R']
Inclusion membrane protein E CTL0371	type 2 diabetes	1	['CDKAL1']
Inclusion membrane protein E CT_116	Crohn's disease	1	['CDKAL1']
Inclusion membrane protein E CT_116	autosomal dominant mental retardation 48	1	['RAC1']
Inclusion membrane protein E CT_116	bladder cancer	1	['CDKAL1']
Inclusion membrane protein E CT_116	gestational diabetes	1	['CDKAL1']
Inclusion membrane protein E CT_116	glioma	1	['EGFR']
Inclusion membrane protein E CT_116	ileal neoplasm	1	['CDKAL1']
Inclusion membrane protein E CT_116	non-small-cell lung carcinoma	1	['EGFR']
Inclusion membrane protein E CT_116	periodontitis	1	['IGF2R']
Inclusion membrane protein F CTL0372	autosomal dominant type IV Ehlers-Danlos syndrome	1	['COL3A1']
MTEP	rheumatoid arthritis	1	['GRM5']
Inclusion membrane protein F CT_117	autosomal dominant type IV Ehlers-Danlos syndrome	1	['COL3A1']
Iodo-Willardiine	breast cancer	1	['GRIK1']
Iodo-Willardiine	hepatocellular carcinoma	1	['GRIK1']
Iodo-Willardiine	periodontitis	1	['GRIK1']
Joro toxin	syndromic X-linked intellectual disability 94	1	['GRIA3']
L-371,257	alcohol dependence	1	['OXTR']
L-822179	early infantile epileptic encephalopathy 19	1	['GABRA1']
L-838417	early infantile epileptic encephalopathy 19	1	['GABRA1']
L-Tryptophan	neonatal severe primary hyperparathyroidism	1	['CASR']
L-morphan	coronary artery disease	1	['OPRM1']
LY-300168	syndromic X-linked intellectual disability 94	1	['GRIA3']
MTEP	attention deficit hyperactivity disorder	1	['GRM5']
Non-structural protein 10 [SARS CoV-2]	congenital cataract-progressive muscular hypotonia-hearing loss-developmental delay syndrome	1	['GFER']
Non-structural protein 14 [SARS-CoV-2]	Fabry disease	1	['GLA']
Non-structural protein 7 [SARS-CoV-2]	autosomal dominant non-syndromic intellectual disability 42	1	['GNB1']
adenosine diphosphate	platelet-type bleeding disorder 8	1	['P2RY12']
abarelix	hypogonadotropic hypogonadism 7 with or without anosmia	1	['GNRHR']
acetazolamide	retinitis pigmentosa 17	1	['CA4']
acetylcholine	epilepsy	1	['CHRM3']
acetylcholine	prune belly syndrome	1	['CHRM3']
aclidinium	epilepsy	1	['CHRM3']
aclidinium	prune belly syndrome	1	['CHRM3']
adenophostin A	Gillespie syndrome	1	['ITPR1']
adenophostin A	amyotrophic lateral sclerosis	1	['ITPR2']
adenophostin A	isolated anhidrosis with normal sweat glands	1	['ITPR2']
adenophostin A	obesity	1	['ITPR1']
adenophostin A	spinocerebellar ataxia type 15/16	1	['ITPR1']
adenophostin A	spinocerebellar ataxia type 29	1	['ITPR1']
adenosine triphosphate	Gillespie syndrome	1	['ITPR1']
ZK93423	early infantile epileptic encephalopathy 19	1	['GABRA1']
adenosine triphosphate	arrhythmogenic right ventricular dysplasia 2	1	['RYR2']
adenosine triphosphate	lymphoblastic leukemia	1	['RYR2']
adenosine triphosphate	spinocerebellar ataxia type 15/16	1	['ITPR1']
adenosine triphosphate	spinocerebellar ataxia type 29	1	['ITPR1']
afatinib	glioma	1	['EGFR']
afatinib	non-small-cell lung carcinoma	1	['EGFR']
alfuzosin	gestational hypertension	1	['ADRA1D']
alfuzosin	pre-eclampsia	1	['ADRA1D']
aliskiren	hyperuricemia-anemia-renal failure syndrome	1	['REN']
aliskiren	renal tubular dysgenesis of genetic origin	1	['REN']
allopurinol	obesity	1	['XDH']
alogliptin	rheumatoid arthritis	1	['DPP4']
ZK93426	early infantile epileptic encephalopathy 19	1	['GABRA1']
WIN35428	infantile parkinsonism-dystonia	1	['SLC6A3']
Non-structural protein 7 [SARS-CoV-2]	renal cell carcinoma	1	['SCARB1']
Teriparatide	Eiken syndrome	1	['PTH1R']
Non-structural protein 7 [SARS-CoV-2]	smallpox	1	['RAB14']
PF-4800567	advanced sleep phase syndrome 2	1	['CSNK1D']
PLX7922	Noonan syndrome 7	1	['BRAF']
PLX7922	colorectal cancer	1	['BRAF']
PLX7922	non-Hodgkin lymphoma	1	['BRAF']
PRE-084	amyotrophic lateral sclerosis type 16	1	['SIGMAR1']
PRE-084	autosomal recessive distal spinal muscular atrophy 2	1	['SIGMAR1']
RO4938581	early infantile epileptic encephalopathy 19	1	['GABRA1']
RU28362	glucocorticoid resistance	1	['NR3C1']
Ro-15-4513	early infantile epileptic encephalopathy 19	1	['GABRA1']
S-18986	syndromic X-linked intellectual disability 94	1	['GRIA3']
SB-203580	Parkinson's disease	1	['GAK']
Teriparatide	chondrodysplasia Blomstrand type	1	['PTH1R']
WB-4101	pre-eclampsia	1	['ADRA1D']
Troglitazone	familial partial lipodystrophy	1	['PPARG']
Troglitazone	type 2 diabetes	1	['PPARG']
UBP310	breast cancer	1	['GRIK1']
UBP310	hepatocellular carcinoma	1	['GRIK1']
UBP310	periodontitis	1	['GRIK1']
Urofollitropin	46 XX gonadal dysgenesis	1	['FSHR']
Urofollitropin	erectile dysfunction	1	['FSHR']
Urofollitropin	ovarian hyperstimulation syndrome	1	['FSHR']
Urofollitropin	polycystic ovary syndrome	1	['FSHR']
Urofollitropin	prostate cancer	1	['FSHR']
Vesamicol	congenital myasthenic syndrome 21	1	['SLC18A3']
WB-4101	gestational hypertension	1	['ADRA1D']
Inclusion membrane protein E CTL0371	glioma	1	['EGFR']
Inclusion membrane protein E CTL0371	bladder cancer	1	['CDKAL1']
alprostadil	deafness-infertility syndrome	1	['CATSPER2']
Inclusion membrane protein E CTL0371	autosomal dominant mental retardation 48	1	['RAC1']
ADX-47273	rheumatoid arthritis	1	['GRM5']
AIDA	autosomal recessive spinocerebellar ataxia 13	1	['GRM1']
AIDA	spinocerebellar ataxia 44	1	['GRM1']
Alda-1	alcohol dependence	1	['ALDH2']
Alda-1	cerebrovascular disease	1	['ALDH2']
Alda-1	coronary artery disease	1	['ALDH2']
Alda-1	intracranial aneurysm	1	['ALDH2']
Alda-1	stroke	1	['ALDH2']
Anti-thrombin antibodies	Hypoprothrombinemia	1	['F2']
Anti-thrombin antibodies	thrombophilia	1	['F2']
BMY-7378	gestational hypertension	1	['ADRA1D']
BMY-7378	pre-eclampsia	1	['ADRA1D']
Brigatinib	glioma	1	['EGFR']
Brigatinib	growth delay due to insulin-like growth factor I resistance	1	['IGF1R']
Brigatinib	neuroblastoma, susceptibility to, 3	1	['ALK']
Brigatinib	non-small-cell lung carcinoma	1	['EGFR']
Brigatinib	polycystic ovary syndrome	1	['INSR']
CDPPB	attention deficit hyperactivity disorder	1	['GRM5']
CDPPB	rheumatoid arthritis	1	['GRM5']
CGS8216	early infantile epileptic encephalopathy 19	1	['GABRA1']
CHPG	attention deficit hyperactivity disorder	1	['GRM5']
CPCCOEt	autosomal recessive spinocerebellar ataxia 13	1	['GRM1']
CPCCOEt	spinocerebellar ataxia 44	1	['GRM1']
CTEP	attention deficit hyperactivity disorder	1	['GRM5']
CTEP	rheumatoid arthritis	1	['GRM5']
CX546	syndromic X-linked intellectual disability 94	1	['GRIA3']
Cenicriviroc	type 1 diabetes mellitus 22	1	['CCR5']
ADX-47273	attention deficit hyperactivity disorder	1	['GRM5']
ACET	periodontitis	1	['GRIK1']
ACET	hepatocellular carcinoma	1	['GRIK1']
1-octanol	erythrokeratodermia variabilis et progressiva 3	1	['GJA1']
(-)-pentazocine	coronary artery disease	1	['OPRM1']
(RS)-aminoglutethimide	aromatase excess syndrome	1	['CYP19A1']
(RS)-methadone	coronary artery disease	1	['OPRM1']
(RS)-mianserin	gestational hypertension	1	['ADRA1D']
(RS)-mianserin	pre-eclampsia	1	['ADRA1D']
(RS)-nomifensine	infantile parkinsonism-dystonia	1	['SLC6A3']
(RS)-oxybutynin	epilepsy	1	['CHRM3']
(RS)-oxybutynin	prune belly syndrome	1	['CHRM3']
(S)-AMPA	syndromic X-linked intellectual disability 94	1	['GRIA3']
1-octanol	Hallermann-Streiff syndrome	1	['GJA1']
1-octanol	autosomal dominant palmoplantar keratoderma and congenital alopecia	1	['GJA1']
1-octanol	cataract 14 multiple types	1	['GJA3']
1-octanol	odontoonychodermal syndrome	1	['GJA1']
ACET	breast cancer	1	['GRIK1']
17β-estradiol	alcohol dependence	1	['ESR1']
17β-estradiol	breast cancer	1	['ESR1']
17β-estradiol	obesity	1	['ESR1']
2-amino-4-methylpyridine	psoriasis	1	['NOS2']
3-quinuclidinyl-benzilate	epilepsy	1	['CHRM3']
3-quinuclidinyl-benzilate	prune belly syndrome	1	['CHRM3']
5-benzyloxytryptamine	amyotrophic lateral sclerosis	1	['TRPM8']
5-benzyloxytryptamine	migraine	1	['TRPM8']
5-benzyloxytryptamine	migraine with aura	1	['TRPM8']
5-benzyloxytryptamine	migraine without aura	1	['TRPM8']
6-methyl-2-(phenylethynyl)pyridine	attention deficit hyperactivity disorder	1	['GRM5']
6-methyl-2-(phenylethynyl)pyridine	rheumatoid arthritis	1	['GRM5']
Cyproheptadine	gestational hypertension	1	['ADRA1D']
Cyproheptadine	pre-eclampsia	1	['ADRA1D']
DADLE	coronary artery disease	1	['OPRM1']
Hypothetical protein CT_449	autosomal recessive distal spinal muscular atrophy 2	1	['SIGMAR1']
Hypothetical protein CTL0261	multiple sclerosis	1	['YWHAG']
Hypothetical protein CTL0500A	Charcot-Marie-Tooth disease dominant intermediate F	1	['GNB4']
Hypothetical protein CTL0709	amyotrophic lateral sclerosis type 16	1	['SIGMAR1']
Hypothetical protein CTL0709	autosomal recessive distal spinal muscular atrophy 2	1	['SIGMAR1']
Hypothetical protein CTL0819	combined vitamin K-dependent clotting factors deficiency	1	['GGCX']
Hypothetical protein CTL0819	rheumatoid arthritis	1	['SYNGR1']
Hypothetical protein CT_005	esophageal cancer	1	['CSNK1A1']
Hypothetical protein CT_005	facial dysmorphism-lens dislocation-anterior segment abnormalities-spontaneous filtering blebs syndrome	1	['ASPH']
Hypothetical protein CT_006	early infantile epileptic encephalopathy 56	1	['YWHAG']
Hypothetical protein CT_006	multiple sclerosis	1	['YWHAG']
Hypothetical protein CT_249	Charcot-Marie-Tooth disease dominant intermediate F	1	['GNB4']
Hypothetical protein CT_449	amyotrophic lateral sclerosis type 16	1	['SIGMAR1']
Hypothetical protein CT_556	combined vitamin K-dependent clotting factors deficiency	1	['GGCX']
Hypothetical protein CTL0260	schizophrenia	1	['VRK2']
Hypothetical protein CT_556	rheumatoid arthritis	1	['SYNGR1']
Hypothetical protein CT_728	thiamine-responsive megaloblastic anemia syndrome	1	['SLC19A2']
Hypothetical protein CT_788	Charcot-Marie-Tooth disease dominant intermediate E	1	['INF2']
Hypothetical protein CT_788	Li-Fraumeni syndrome	1	['TP53']
Hypothetical protein CT_788	Li-Fraumeni syndrome 1	1	['TP53']
Hypothetical protein CT_788	basal-cell carcinoma	1	['TP53']
Hypothetical protein CT_788	focal segmental glomerulosclerosis 5	1	['INF2']
Hypothetical protein CT_788	head and neck squamous cell carcinoma	1	['TP53']
IDRA-21	syndromic X-linked intellectual disability 94	1	['GRIA3']
Inclusion membrane protein CTL0184	syndromic multisystem autoimmune disease due to ICTH deficiency	1	['ITCH']
Inclusion membrane protein CT_813	syndromic multisystem autoimmune disease due to ICTH deficiency	1	['ITCH']
Inclusion membrane protein E CTL0371	Crohn's disease	1	['CDKAL1']
Hypothetical protein CTL0261	early infantile epileptic encephalopathy 56	1	['YWHAG']
Hypothetical protein CTL0260	facial dysmorphism-lens dislocation-anterior segment abnormalities-spontaneous filtering blebs syndrome	1	['ASPH']
DAMGO	coronary artery disease	1	['OPRM1']
Helicase [SARS-CoV-2]	cataract 18	1	['FYCO1']
DL-3,3',5'-triiodothyronine	congenital nongoitrous hypothryoidism 6	1	['THRA']
DL-TBOA	episodic ataxia type 6	1	['SLC1A3']
E4031	Temple-Baraitser syndrome	1	['KCNH1']
E4031	long QT syndrome	1	['KCNH2']
E4031	short QT syndrome	1	['KCNH2']
Epidermal growth factor	glioma	1	['EGFR']
Epidermal growth factor	non-small-cell lung carcinoma	1	['EGFR']
Epidermal growth factor receptor	renal hypomagnesemia 4	1	['EGF']
GYKI-2466	syndromic X-linked intellectual disability 94	1	['GRIA3']
Helicase [SARS-CoV-2]	Autosomal recessive primary microcephaly	1	['CEP135']
Helicase [SARS-CoV-2]	FTDALS4	1	['TBK1']
Helicase [SARS-CoV-2]	autosomal recessive nonsyndromic deafness 24	1	['RDX']
Helicase [SARS-CoV-2]	microcephaly 17, primary, autosomal recessive; MCPH17	1	['CIT']
Hypothetical protein CTL0260	esophageal cancer	1	['CSNK1A1']
Helicase [SARS-CoV-2]	nonsyndromic deafness	1	['RDX']
Helicase [SARS-CoV-2]	rheumatoid arthritis	1	['CDK5RAP2']
Hexestrol	alcohol dependence	1	['ESR1']
Hexestrol	breast cancer	1	['ESR1']
Hexestrol	obesity	1	['ESR1']
Hypothetical protein CTL0097	thiamine-responsive megaloblastic anemia syndrome	1	['SLC19A2']
Hypothetical protein CTL0156	Charcot-Marie-Tooth disease dominant intermediate E	1	['INF2']
Hypothetical protein CTL0156	Li-Fraumeni syndrome	1	['TP53']
Hypothetical protein CTL0156	Li-Fraumeni syndrome 1	1	['TP53']
Hypothetical protein CTL0156	basal-cell carcinoma	1	['TP53']
Hypothetical protein CTL0156	focal segmental glomerulosclerosis 5	1	['INF2']
Hypothetical protein CTL0156	head and neck squamous cell carcinoma	1	['TP53']
alprazolam	early infantile epileptic encephalopathy 19	1	['GABRA1']
alvimopan	coronary artery disease	1	['OPRM1']
fluticasone propionate	glucocorticoid resistance	1	['NR3C1']
cortisol	glucocorticoid resistance	1	['NR3C1']
dextroamphetamine	infantile parkinsonism-dystonia	1	['SLC6A3']
dextromethorphan	amyotrophic lateral sclerosis type 16	1	['SIGMAR1']
dextromethorphan	autosomal recessive distal spinal muscular atrophy 2	1	['SIGMAR1']
diazepam	early infantile epileptic encephalopathy 19	1	['GABRA1']
dichlorphenamide	retinitis pigmentosa 17	1	['CA4']
diclofenac	familial partial lipodystrophy	1	['PPARG']
diclofenac	type 2 diabetes	1	['PPARG']
dicyclomine	epilepsy	1	['CHRM3']
dicyclomine	prune belly syndrome	1	['CHRM3']
diethylstilbestrol	alcohol dependence	1	['ESR1']
diethylstilbestrol	breast cancer	1	['ESR1']
diethylstilbestrol	obesity	1	['ESR1']
difluprednate	glucocorticoid resistance	1	['NR3C1']
dihydromorphine	coronary artery disease	1	['OPRM1']
dihydrotestosterone	Kennedy disease	1	['AR']
diltiazem	Brugada syndrome 3	1	['CACNA1C']
diltiazem	Timothy syndrome	1	['CACNA1C']
diltiazem	bipolar disorder	1	['CACNA1C']
diltiazem	hypokalemic periodic paralysis	1	['CACNA1S']
diltiazem	major depressive disorder	1	['CACNA1C']
diltiazem	schizophrenia	1	['CACNA1C']
diltiazem	unipolar depression	1	['CACNA1C']
dipraglurant	attention deficit hyperactivity disorder	1	['GRM5']
diprenorphine	coronary artery disease	1	['OPRM1']
disopyramide	long QT syndrome	1	['KCNH2']
disopyramide	short QT syndrome	1	['KCNH2']
dofetilide	Temple-Baraitser syndrome	1	['KCNH1']
dexmethylphenidate	infantile parkinsonism-dystonia	1	['SLC6A3']
dexamethasone	glucocorticoid resistance	1	['NR3C1']
desvenlafaxine	infantile parkinsonism-dystonia	1	['SLC6A3']
dabigatran	Hypoprothrombinemia	1	['F2']
crenolanib	acroosteolysis-keloid-like lesions-premature aging syndrome	1	['PDGFRB']
crenolanib	gastrointestinal stromal tumor	1	['KIT']
crenolanib	infantile myofibromatosis	1	['PDGFRB']
crenolanib	juvenile myelomonocytic leukemia	1	['PDGFRB']
crenolanib	piebaldism	1	['KIT']
crizotinib	autosomal recessive nonsyndromic deafness 97	1	['MET']
crizotinib	multiple sclerosis	1	['MET']
crizotinib	neuroblastoma, susceptibility to, 3	1	['ALK']
crizotinib	osteofibrous dysplasia	1	['MET']
cx516	syndromic X-linked intellectual disability 94	1	['GRIA3']
cyclothiazide	syndromic X-linked intellectual disability 94	1	['GRIA3']
cyproterone acetate	Kennedy disease	1	['AR']
dabigatran	thrombophilia	1	['F2']
desoxycortone	glucocorticoid resistance	1	['NR3C1']
dabrafenib	Noonan syndrome 7	1	['BRAF']
dabrafenib	colorectal cancer	1	['BRAF']
dabrafenib	non-Hodgkin lymphoma	1	['BRAF']
dacomitinib	glioma	1	['EGFR']
dacomitinib	non-small-cell lung carcinoma	1	['EGFR']
dactolisib	macrocephaly-intellectual disability-neurodevelopmental disorder-small thorax syndrome	1	['MTOR']
dapiprazole	gestational hypertension	1	['ADRA1D']
dapiprazole	pre-eclampsia	1	['ADRA1D']
darifenacin	epilepsy	1	['CHRM3']
darifenacin	prune belly syndrome	1	['CHRM3']
denosumab	autosomal recessive osteopetrosis 2	1	['TNFSF11']
desoximetasone	glucocorticoid resistance	1	['NR3C1']
dofetilide	long QT syndrome	1	['KCNH2']
dofetilide	short QT syndrome	1	['KCNH2']
doxazosin	gestational hypertension	1	['ADRA1D']
flufenamic acid	Hallermann-Streiff syndrome	1	['GJA1']
ezogabine	nonsyndromic deafness	1	['KCNQ4']
ezogabine	refractive error	1	['KCNQ5']
ezogabine	undetermined early-onset epileptic encephalopathy	1	['KCNQ2']
fadrozole	aromatase excess syndrome	1	['CYP19A1']
farglitazar	familial partial lipodystrophy	1	['PPARG']
farglitazar	type 2 diabetes	1	['PPARG']
felodipine	congenital bilateral aplasia of the vas deferens	1	['CFTR']
felodipine	cystic fibrosis	1	['CFTR']
fenclonine	phenylketonuria	1	['PAH']
fenobam	attention deficit hyperactivity disorder	1	['GRM5']
fenobam	rheumatoid arthritis	1	['GRM5']
fentanyl	coronary artery disease	1	['OPRM1']
flufenamic acid	autosomal dominant palmoplantar keratoderma and congenital alopecia	1	['GJA1']
ezogabine	autosomal dominant nonsyndromic deafness 2A	1	['KCNQ4']
flufenamic acid	cataract 14 multiple types	1	['GJA3']
flufenamic acid	erythrokeratodermia variabilis et progressiva 3	1	['GJA1']
flufenamic acid	odontoonychodermal syndrome	1	['GJA1']
flumazenil	early infantile epileptic encephalopathy 19	1	['GABRA1']
flunitrazepam	early infantile epileptic encephalopathy 19	1	['GABRA1']
fluocinolone acetonide	glucocorticoid resistance	1	['NR3C1']
fluocinonide	glucocorticoid resistance	1	['NR3C1']
fluorometholone	glucocorticoid resistance	1	['NR3C1']
fluoxymesterone	Kennedy disease	1	['AR']
(-)-pentazocine	autosomal recessive distal spinal muscular atrophy 2	1	['SIGMAR1']
flutamide	Kennedy disease	1	['AR']
fluticasone	glucocorticoid resistance	1	['NR3C1']
ezogabine	coronary artery disease	1	['KCNQ3']
ezogabine	autosomal dominant mental retardation 46	1	['KCNQ5']
doxazosin	pre-eclampsia	1	['ADRA1D']
erlotinib	glioma	1	['EGFR']
dromostanolone propionate	Kennedy disease	1	['AR']
duvoglustat	glycogen storage disease II	1	['GAA']
elagolix	hypogonadotropic hypogonadism 7 with or without anosmia	1	['GNRHR']
eluxadoline	coronary artery disease	1	['OPRM1']
endomorphin-1	coronary artery disease	1	['OPRM1']
enoxaparin sodium	antithrombin III deficiency	1	['SERPINC1']
envelope protein [SARS-CoV-2]	metaphyseal chondrodysplasia-retinitis pigmentosa syndrome	1	['CWC27']
enzalutamide	Kennedy disease	1	['AR']
enzastaurin	inflammatory bowel diseases	1	['PRKCB']
enzastaurin	spinocerebellar ataxia type 14	1	['PRKCG']
epinephrine	gestational hypertension	1	['ADRA1D']
epinephrine	pre-eclampsia	1	['ADRA1D']
erlotinib	non-small-cell lung carcinoma	1	['EGFR']
exemestane	aromatase excess syndrome	1	['CYP19A1']
estriol	alcohol dependence	1	['ESR1']
estriol	breast cancer	1	['ESR1']
estriol	obesity	1	['ESR1']
estrone	alcohol dependence	1	['ESR1']
estrone	breast cancer	1	['ESR1']
estrone	obesity	1	['ESR1']
ethinylestradiol	alcohol dependence	1	['ESR1']
ethinylestradiol	breast cancer	1	['ESR1']
ethinylestradiol	obesity	1	['ESR1']
ethylestrenol	Kennedy disease	1	['AR']
etonitazene	coronary artery disease	1	['OPRM1']
everolimus	macrocephaly-intellectual disability-neurodevelopmental disorder-small thorax syndrome	1	['MTOR']
crenolanib	Kosaki overgrowth syndrome	1	['PDGFRB']
codeine	coronary artery disease	1	['OPRM1']
alvocidib	melanoma, cutaneous malignant, susceptibility to, 3	1	['CDK4']
clozapine	pre-eclampsia	1	['ADRA1D']
bardoxolone methyl	type 2 diabetes	1	['PPARG']
baricitinib	Crohn's disease	1	['JAK2']
baricitinib	acute myeloid leukemia	1	['JAK2']
baricitinib	myelodysplastic/myeloproliferative neoplasm	1	['JAK2']
baricitinib	myelofibrosis	1	['JAK2']
baricitinib	polycythemia vera	1	['JAK2']
bazedoxifene	alcohol dependence	1	['ESR1']
bazedoxifene	breast cancer	1	['ESR1']
bazedoxifene	obesity	1	['ESR1']
bd-1047	amyotrophic lateral sclerosis type 16	1	['SIGMAR1']
bd-1047	autosomal recessive distal spinal muscular atrophy 2	1	['SIGMAR1']
bepridil	autosomal dominant nonsyndromic deafness 2A	1	['KCNQ4']
bepridil	nonsyndromic deafness	1	['KCNQ4']
betamethasone	glucocorticoid resistance	1	['NR3C1']
bethanechol	epilepsy	1	['CHRM3']
bethanechol	prune belly syndrome	1	['CHRM3']
bexarotene	familial partial lipodystrophy	1	['PPARG']
bexarotene	type 2 diabetes	1	['PPARG']
bicalutamide	Kennedy disease	1	['AR']
bicuculline	early infantile epileptic encephalopathy 19	1	['GABRA1']
biperiden	epilepsy	1	['CHRM3']
biperiden	prune belly syndrome	1	['CHRM3']
bisphenol A	Kennedy disease	1	['AR']
boceprevir	galactosialidosis	1	['CTSA']
bretazenil	early infantile epileptic encephalopathy 19	1	['GABRA1']
brucine	epilepsy	1	['CHRM3']
brucine	prune belly syndrome	1	['CHRM3']
bardoxolone methyl	familial partial lipodystrophy	1	['PPARG']
balanol	spinocerebellar ataxia type 14	1	['PRKCG']
balanol	rheumatoid arthritis	1	['PRKCH']
apigenin	congenital bilateral aplasia of the vas deferens	1	['CFTR']
aminooxyacetic acid	obesity	1	['CBS']
amitriptyline	epilepsy	1	['CHRM3']
amitriptyline	prune belly syndrome	1	['CHRM3']
anandamide	amyotrophic lateral sclerosis	1	['TRPM8']
anandamide	epileptic encephalopathy, early infantile, 32	1	['KCNA2']
anandamide	migraine	1	['TRPM8']
anandamide	migraine with aura	1	['TRPM8']
anandamide	migraine without aura	1	['TRPM8']
anastrozole	aromatase excess syndrome	1	['CYP19A1']
andarine	Kennedy disease	1	['AR']
aniracetam	syndromic X-linked intellectual disability 94	1	['GRIA3']
anisindione	combined vitamin K-dependent clotting factors deficiency	1	['GGCX']
apigenin	cystic fibrosis	1	['CFTR']
balanol	morbid obesity	1	['PRKCH']
aplaviroc	type 1 diabetes mellitus 22	1	['CCR5']
arecoline	epilepsy	1	['CHRM3']
arecoline	prune belly syndrome	1	['CHRM3']
arginine vasopressin	alcohol dependence	1	['OXTR']
argiotoxin	syndromic X-linked intellectual disability 94	1	['GRIA3']
astemizole	Temple-Baraitser syndrome	1	['KCNH1']
astemizole	long QT syndrome	1	['KCNH2']
astemizole	short QT syndrome	1	['KCNH2']
atomoxetine	infantile parkinsonism-dystonia	1	['SLC6A3']
axitinib	microcephaly and chorioretinopathy 2	1	['PLK4']
azalanstat	aromatase excess syndrome	1	['CYP19A1']
balanol	inflammatory bowel diseases	1	['PRKCB']
budesonide	glucocorticoid resistance	1	['NR3C1']
bumetanide	inflammatory bowel diseases	1	['GPR35']
bumetanide	sclerosing cholangitis	1	['GPR35']
ciglitazone	familial partial lipodystrophy	1	['PPARG']
cediranib	infantile myofibromatosis	1	['PDGFRB']
cediranib	juvenile myelomonocytic leukemia	1	['PDGFRB']
cediranib	piebaldism	1	['KIT']
ceritinib	acute myeloid leukemia	1	['FLT3']
ceritinib	growth delay due to insulin-like growth factor I resistance	1	['IGF1R']
ceritinib	neuroblastoma, susceptibility to, 3	1	['ALK']
ceritinib	polycystic ovary syndrome	1	['INSR']
cetrorelix	hypogonadotropic hypogonadism 7 with or without anosmia	1	['GNRHR']
chlorthalidone	retinitis pigmentosa 17	1	['CA4']
chrysin	anterior segment dysgenesis 6	1	['CYP1B1']
chrysin	primary congenital glaucoma 3A	1	['CYP1B1']
ciclesonide	glucocorticoid resistance	1	['NR3C1']
ciglitazone	type 2 diabetes	1	['PPARG']
cediranib	acroosteolysis-keloid-like lesions-premature aging syndrome	1	['PDGFRB']
cinacalcet	neonatal severe primary hyperparathyroidism	1	['CASR']
clidinium	epilepsy	1	['CHRM3']
clidinium	prune belly syndrome	1	['CHRM3']
clobetasol propionate	glucocorticoid resistance	1	['NR3C1']
clofilium	Temple-Baraitser syndrome	1	['KCNH1']
clomipramine	infantile parkinsonism-dystonia	1	['SLC6A3']
clonazepam	early infantile epileptic encephalopathy 19	1	['GABRA1']
clotrimazole	amyotrophic lateral sclerosis	1	['TRPM8']
clotrimazole	migraine	1	['TRPM8']
clotrimazole	migraine with aura	1	['TRPM8']
clotrimazole	migraine without aura	1	['TRPM8']
clozapine	gestational hypertension	1	['ADRA1D']
cediranib	gastrointestinal stromal tumor	1	['KIT']
cediranib	Kosaki overgrowth syndrome	1	['PDGFRB']
bumetanide	ulcerative colitis	1	['GPR35']
canertinib	glioma	1	['EGFR']
buprenorphine	coronary artery disease	1	['OPRM1']
bupropion	infantile parkinsonism-dystonia	1	['SLC6A3']
buserelin	hypogonadotropic hypogonadism 7 with or without anosmia	1	['GNRHR']
butorphanol	coronary artery disease	1	['OPRM1']
cabozantinib	autosomal recessive nonsyndromic deafness 97	1	['MET']
cabozantinib	multiple sclerosis	1	['MET']
cabozantinib	osteofibrous dysplasia	1	['MET']
caffeine	Gillespie syndrome	1	['ITPR1']
caffeine	arrhythmogenic right ventricular dysplasia 2	1	['RYR2']
caffeine	lymphoblastic leukemia	1	['RYR2']
caffeine	spinocerebellar ataxia type 15/16	1	['ITPR1']
caffeine	spinocerebellar ataxia type 29	1	['ITPR1']
canertinib	non-small-cell lung carcinoma	1	['EGFR']
cebranopadol	coronary artery disease	1	['OPRM1']
cangrelor	platelet-type bleeding disorder 8	1	['P2RY12']
cannabidiol	amyotrophic lateral sclerosis	1	['TRPM8']
cannabidiol	migraine	1	['TRPM8']
cannabidiol	migraine with aura	1	['TRPM8']
cannabidiol	migraine without aura	1	['TRPM8']
capsaicin	congenital bilateral aplasia of the vas deferens	1	['CFTR']
capsaicin	cystic fibrosis	1	['CFTR']
carbenoxolone	Hallermann-Streiff syndrome	1	['GJA1']
carbenoxolone	autosomal dominant palmoplantar keratoderma and congenital alopecia	1	['GJA1']
carbenoxolone	cataract 14 multiple types	1	['GJA3']
carbenoxolone	erythrokeratodermia variabilis et progressiva 3	1	['GJA1']
carbenoxolone	odontoonychodermal syndrome	1	['GJA1']
zolpidem	early infantile epileptic encephalopathy 19	1	['GABRA1']
